-- MySQL dump 10.13  Distrib 8.0.21, for Win64 (x86_64)
--
-- Host: localhost    Database: myplayer
-- ------------------------------------------------------
-- Server version	8.0.21

/*!40101 SET @OLD_CHARACTER_SET_CLIENT=@@CHARACTER_SET_CLIENT */;
/*!40101 SET @OLD_CHARACTER_SET_RESULTS=@@CHARACTER_SET_RESULTS */;
/*!40101 SET @OLD_COLLATION_CONNECTION=@@COLLATION_CONNECTION */;
/*!50503 SET NAMES utf8 */;
/*!40103 SET @OLD_TIME_ZONE=@@TIME_ZONE */;
/*!40103 SET TIME_ZONE='+00:00' */;
/*!40014 SET @OLD_UNIQUE_CHECKS=@@UNIQUE_CHECKS, UNIQUE_CHECKS=0 */;
/*!40014 SET @OLD_FOREIGN_KEY_CHECKS=@@FOREIGN_KEY_CHECKS, FOREIGN_KEY_CHECKS=0 */;
/*!40101 SET @OLD_SQL_MODE=@@SQL_MODE, SQL_MODE='NO_AUTO_VALUE_ON_ZERO' */;
/*!40111 SET @OLD_SQL_NOTES=@@SQL_NOTES, SQL_NOTES=0 */;

--
-- Table structure for table `albums`
--

DROP TABLE IF EXISTS `albums`;
/*!40101 SET @saved_cs_client     = @@character_set_client */;
/*!50503 SET character_set_client = utf8mb4 */;
CREATE TABLE `albums` (
  `album_id` int NOT NULL AUTO_INCREMENT,
  `artist_id` int NOT NULL,
  `album_name` varchar(255) NOT NULL,
  `created_at` datetime NOT NULL,
  `upload_at` datetime NOT NULL,
  `album_cover_img` text,
  PRIMARY KEY (`album_id`),
  KEY `artist_id_idx` (`artist_id`),
  CONSTRAINT `artist_id` FOREIGN KEY (`artist_id`) REFERENCES `artists` (`artist_id`) ON UPDATE CASCADE
) ENGINE=InnoDB AUTO_INCREMENT=19 DEFAULT CHARSET=utf8mb4 COLLATE=utf8mb4_0900_ai_ci;
/*!40101 SET character_set_client = @saved_cs_client */;

--
-- Dumping data for table `albums`
--

LOCK TABLES `albums` WRITE;
/*!40000 ALTER TABLE `albums` DISABLE KEYS */;
INSERT INTO `albums` VALUES (1,1,'Greatest Hits - Led Zeppelin','1970-09-09 00:00:00','2020-09-09 17:04:00','https://http2.mlstatic.com/led-zeppelin-greatest-hits-vinilo-D_NQ_NP_712108-MLC32117176601_092019-F.jpg'),(2,2,'Greatest Hits - Idan Amedi','2010-09-09 00:00:00','2020-09-09 17:04:00','https://www.hatarbut.co.il/wp-content/uploads/2017/12/amedi2000b-1.jpg'),(3,3,'The white Album','1965-09-09 00:00:00','2020-09-09 17:04:00','data:image/png;base64,iVBORw0KGgoAAAANSUhEUgAAAOEAAADhCAMAAAAJbSJIAAAAeFBMVEX+/v4AAAD8/Pz39/fs7Ozr6+vx8fGCgoLl5eWqqqqhoaHR0dHi4uLe3t55eXnCwsLJycmOjo5/f39nZ2e3t7cZGRkwMDCIiIixsbEmJiasrKxBQUGXl5dwcHA7OztHR0cPDw9QUFBpaWkgICA0NDQVFRVPT09dXV2FPvmwAAACBElEQVR4nO3Wa2+qQBCA4ZkFucpFBNQKgtbW//8Pu4Np0/PhJJ5P9qTvY8Li7GJmmA0oAgAAAAAAAAAAAAAAAAAAAAAAAAAAAAAAAAAAAAAAAAAAAAAAfrtgnSTJKiiC78HQh5wfVp6zNU5CEwUrm47CKFr5C/I/r/qhWjWZ5t+DZ4sV8mpDLVJqJcuystXET+/sfB8cVbvkSWn/g3W706GttIjsW+iW4HSqW43lMO3TNBTX6Sgv6Xx+qfdqTdxpmmZrf1dyP/Ef8NVJrhc9RMHZOucdzxLoIId7/rWW6iv3JcuLhj4Qq4U3vr11/vff/TnuFcatVpvDajxaaLJtGEnvj68izbXwm9hZhelSYbNMF6rzzj05+YdUuvYVFqL742mc1Hbr6VTt563fpdmQ+eaNha/OafNZYazDMAQSZpNenp39I9qlwiTQ9rpt29Yej9ebyHaWt8bma+tY77ftziq0G1Auu/Sy8Yu6Z2b+KKuwtgqr+FDEk/iN1/fDRm/y2pflmMRzEqa6XirMdGzKvNGmLPNR0+rt9uzsH/HZw7lyk3b+0eHkvZvnW+j6t67TvPedXGkm3cZ6OKtWu3l5W7yrXtfPzv5Bzh4Yzn8iG8R9i34dnZ24wAZ35/8RfK0FAAAAAAAAAAAAAAAAAAAAAAAAAAAAAAAAAAAAAAAAAAAAgF/nA/MNFBjt9BC2AAAAAElFTkSuQmCC'),(4,4,'Greatest Hits - Dominic Fike','2019-09-01 00:00:00','2020-09-09 17:04:00','https://www.gannett-cdn.com/presto/2019/11/12/PFTM/1280ea07-7f4d-44eb-a5c5-d1f00d8a9929-DominicFike_AllenChiu.jpg?crop=1744,1308,x0,y216&quality=50&width=640'),(6,20,'Miri Mesika','2005-09-01 00:00:00','2020-09-09 17:04:00','https://images.genius.com/064b83a340bffe9b1173acc050f3ecba.300x300x1.jpg'),(7,5,'Greatest Hits - Eden Hason','2017-12-07 00:00:00','2020-09-09 17:04:00','https://images.genius.com/62f5f02bd5a46d1617258d0ab4ce3b6f.500x500x1.jpg'),(15,33,'Greatest Hits - Noa Kirel','2020-12-07 00:00:00','2020-12-09 17:03:00','https://www.colbonews.co.il/wp-content/uploads/2017/03/%D7%A0%D7%95%D7%A2%D7%94-%D7%A7%D7%99%D7%A8%D7%99%D7%9C-%D7%A6%D7%99%D7%9C%D7%95%D7%9D-%D7%A9%D7%99-%D7%A7%D7%93%D7%9D.jpg'),(16,6,'Greatest Hits - Kaveret','2020-12-07 00:00:00','2020-12-09 17:03:00','https://cdn.babamail.co.il/Images/2014/9/18/b121d9b7-813d-4b29-b7e6-d7770e2201d8.jpg'),(17,7,'Ed Sheeran - singles','2020-12-07 00:00:00','2020-12-09 17:03:00','https://i.guim.co.uk/img/media/8e46cf9d2da8ce4f8cba90fa14587a449b19eb54/0_290_8688_5213/master/8688.jpg?width=1200&height=1200&quality=85&auto=format&fit=crop&s=aac65fd66a91006145dface6f7f62758'),(18,3,'Let It Be','1971-09-09 00:00:00','2020-12-09 17:03:00','https://upload.wikimedia.org/wikipedia/en/5/51/TheBeatles-LetItBe%282011VinylReissue%29.png');
/*!40000 ALTER TABLE `albums` ENABLE KEYS */;
UNLOCK TABLES;

--
-- Table structure for table `albums_by_artists`
--

DROP TABLE IF EXISTS `albums_by_artists`;
/*!40101 SET @saved_cs_client     = @@character_set_client */;
/*!50503 SET character_set_client = utf8mb4 */;
CREATE TABLE `albums_by_artists` (
  `albums_by_artists_id` int NOT NULL AUTO_INCREMENT,
  `artist_id` int NOT NULL,
  `album_id` int NOT NULL,
  PRIMARY KEY (`albums_by_artists_id`),
  KEY `albums_by_artists_ibfk_1` (`album_id`),
  KEY `albums_by_artists_ibfk_2` (`artist_id`),
  CONSTRAINT `albums_by_artists_ibfk_1` FOREIGN KEY (`album_id`) REFERENCES `albums` (`album_id`) ON UPDATE CASCADE,
  CONSTRAINT `albums_by_artists_ibfk_2` FOREIGN KEY (`artist_id`) REFERENCES `artists` (`artist_id`) ON UPDATE CASCADE
) ENGINE=InnoDB AUTO_INCREMENT=11 DEFAULT CHARSET=utf8mb4 COLLATE=utf8mb4_0900_ai_ci;
/*!40101 SET character_set_client = @saved_cs_client */;

--
-- Dumping data for table `albums_by_artists`
--

LOCK TABLES `albums_by_artists` WRITE;
/*!40000 ALTER TABLE `albums_by_artists` DISABLE KEYS */;
INSERT INTO `albums_by_artists` VALUES (1,1,1),(2,2,2),(3,3,3),(4,4,4),(5,20,6),(6,5,7),(7,33,15),(8,6,16),(9,7,17),(10,3,18);
/*!40000 ALTER TABLE `albums_by_artists` ENABLE KEYS */;
UNLOCK TABLES;

--
-- Table structure for table `artists`
--

DROP TABLE IF EXISTS `artists`;
/*!40101 SET @saved_cs_client     = @@character_set_client */;
/*!50503 SET character_set_client = utf8mb4 */;
CREATE TABLE `artists` (
  `artist_id` int NOT NULL AUTO_INCREMENT,
  `artist_name` varchar(255) NOT NULL,
  `artist_cover_img` text,
  `upload_at` datetime NOT NULL,
  PRIMARY KEY (`artist_id`)
) ENGINE=InnoDB AUTO_INCREMENT=36 DEFAULT CHARSET=utf8mb4 COLLATE=utf8mb4_0900_ai_ci;
/*!40101 SET character_set_client = @saved_cs_client */;

--
-- Dumping data for table `artists`
--

LOCK TABLES `artists` WRITE;
/*!40000 ALTER TABLE `artists` DISABLE KEYS */;
INSERT INTO `artists` VALUES (1,'Led Zeppelin','https://encrypted-tbn0.gstatic.com/images?q=tbn%3AANd9GcTs-xmJTsgIscgrHjhDQ_lkZHqSrc37BMEI7Q&usqp=CAU','2020-09-09 17:04:00'),(2,'Idan Amedi','data:image/jpeg;base64,/9j/4AAQSkZJRgABAQAAAQABAAD/2wCEAAkGBxAQEBUQDxAVFRUWFRUVFRUVFRUVFRUVFRUWFhYVFRUYHSggGBolHRUVIjEhJSkrLi4uFx8zODMsNygtLisBCgoKDg0OGxAQGC0dHx0tLS0tLS0tLS0tLS0tLS0tLS0tLS0tLS0tLS0tLSstLS0tLS0tLS0tLS0tLS0rLS0tLf/AABEIAOAA4AMBIgACEQEDEQH/xAAcAAABBQEBAQAAAAAAAAAAAAACAAEDBQYEBwj/xAA3EAABAwIEAwYFBAEEAwAAAAABAAIRAyEEBTFBElFhBhMicYGRMqGxwdFCUuHwcgcjYvEUkqL/xAAZAQEBAQEBAQAAAAAAAAAAAAAAAQIEAwX/xAAgEQEBAQEAAwEBAAMBAAAAAAAAAQIRAxIhMUEEInET/9oADAMBAAIRAxEAPwDFAJ0UJQiGSRQlCoFJFCUIBhKEUJ4QBCSKEoQAkihA6o0TJFtenmgeEJC4MRmrQPCD/Cq8RmlV2hgdPzqitC4gaqJlcO+G45/hZV2Je4RNlJTY9reM2HMSCVBqH1GgwSAToN/ZGGSs3gapLxtccTum8nyWgo1OKWsgCb/4iT8/sqHITIBVaAAdRufupW12kSGz52nrG3zTgAhDCIO8Ik303F/VOQoIyExCMhNCAITFEQmIQAWqNzFMhIQWoCeEUJ4VQEJQjhKEAwlCKE6vBHCUI4ShOAEoRwuPMK3CBDgD1IugHFVokDlc+f8Afks1icWXQwaST5knVdeIxXgcRqdD63VQLCf7yWVHUqToUVBjpuIHMmPlugZz3+6kfUizddz+EE+HojVx35/n+2XUaHeHxERsNgPwqzvDb+6Lsp4oUxc3OgifVAGJhjuBt416k7ekqwp1DTH/ACM72A2+qrCQPERe5uSSZ35IsPVc8mxJOp5Iqeu59mjcmTaTO+tlHVq93As4ncT99fYIabfES3xwDvcexXO2seMuOunlfSNrILbCYhxsbtsQCLgi4XbhMUKk2iPpzVVxngcZ0MfbVR4LFhjwdQddd1UaFCQjGiYhQBCEhSQhIQBCEhGQmhBbQnhPCeFriBhKEcJQgGEoRwlCAIS4UcJQgjhU+Z0oJe4CbAEugBo2j3V09waCTYC6x2MxhquLibXgcglVw4k+I39lEOid6bRZBR1QJ0QNoQCCiLgTJnyUrqX+3xDn8iP4UBCA3uk3PL6Jd7Agfwh5KSjRLjZBLllUsqX0IIM9QY+cJVKejxcaGJmeXomq4ci/rEQfZHhMSGyCLO+o6IO7C0AeJrTDXgObPrLT5Sq4UC194EO3PK/qF1NqhsupyADdpvHMjoo3vB1/u0T/AHVVVrl+P4/A+xGnIhd5WVbTIPgMGeqtMBmJHhqHfXQjzH4URawhRpiEQBCEqSEJCC2hPCeE60hgEoRJQimhKE8JQiGhJElCK480pF9F7RqR8t/ksQ50uPLpyXoFVstI5grz8HWOo9JUqgqtUYCnqMm4T0mhwUEBaiaJXUyl8v8ApGGRcc79OiAMM4t10Oo2IRVMIHGWGem46ImHicOH+yrDBZc59zt5pbxZOqpuXP2H0XXg6LxYkRymLeY+6vqeApixfPvp6oatBkeAEm94j10WfZv0VFd8eGOIbCfkIVXiWtnwyOhEFXjsA4Anrzn3C5MRhy7UXV6zxV06xaZ9D1CNzh6fYp3YUyhq0S2xHknTlRmoZ16Loo1wC2JMak7+nJcrmrsweDcfFBPQfdVF7h6hLiBPC0RPVdJCCnhGtPFv9PJSkKsghMjhMVBbJJ4TwtIZOlCeEDJJ4TwgZJPCUII6jQQQdDr5Lzl7vEfM/VekkLz6hgqlaq6nSaXHid0AE6uJsApWp9Rg6clIw2Pr9l35h2fxOHZx1GAs/c13EAeqrB5+azLL9i3Nn6ma6CeVpXSANOd/quAP1XXQqAHQk7D+VUduHo3EDl7rYZFhoEkSuTs3kzqsOeAByW0w2BHwgQAuby+SX5HZ4fFZ9qhx2CAuwE9IcYPQ8lW4pjy2zOHrMR6LcvbRZ8bgOpP05qDEZDTrjwuFxCkuuN2Z689y3LajzMm9/PyHsrQdn3OMNEnfwzHsVv8ALOzLWt4XC4tqYPpIV3h8oDLNAHkArd1M+OPNsN2SaweK7uojz0VD22yA06XGwfCZMbA6/wB6L3NuWjcSeaz3abKWGm9obq0yPRec3ZetaxLnkfPmEA7wAxE72n1Wno0Q0Q0QqZtBvecPW3NX4Fl2vn0KEhGQmVRGQmKMhCUFsnShPCqEkknQMnSToGSTwlCBlBhciNOjAgGu9z3O3LeI8DfJdEK/wtRrqVNzhIpMBd5lxAHnZePnvI6/8SS6tY7FYZ2CPdVDxUawgtOgd+lw9Vk8Tgyxx5Xgeq3vaftBTqs7v/xyTI4X2HCZCy+bUTHGREmy8/Hr7/16efHxQtZeAtTkORyA9wuqnKMOH1ATovRMBQhgAC15tcjx8OO3rowThTbyhT08fIMOge3uo3YZ2wVZjuNnw0zM7zAlc2XZXVjKfFLmS9+03/6VJUz/ABWGqDia4X5WPqtTlWFxRY51QMYwNLvh7wuAAMNBIbOo0WGzHFVKznGm5r6YDSXCl3XCXGOEjQ+f4XVJqTtcv+uryPRMi7ed5Aq0eHk4GR5nktxhMcKniGi8My6mWVWNqAtBMEcivbcnwv8Asjh5Ln3rtdGZyOp+Yspg8bgFlO1Pa7D0mEMIe42gHQblZXtLjsVUrVGUyAwOLZJDZIsY4iN1SYTLGtdNUuJibkR5ggkEWK1mTndMatt5lTYChL3vi3E4Dy2VgQia0DQRJJ9ykQu2OCoymKMhCQoBQkIiExQW0J4SCdVCASTpIElCdJA0JQiSQDCvextRjnVsNUjxtDqc7ls8Q/8AoKkRU2NJ4XEtJ+B4MFlQfCZ5GSI6rz8s7l7/AOPrm1v2py6kDSgcLTwNcY08XiM/NVH+oOHpHhFIAANgAaRGy1FAUsThBhqj4dwgtqC/ii4cFiM9rENFF7uIs8BdpO0+y5Z+u7yc9VHkVGHidOKT5bBeg4RokLF5czxSNz9FqME9zTOy15f14+FsctwofFl3ZnkPeM4QFwZPigFrMNiQ4Lyj3vf1ksEzEUR3fdFw0EQR7FPhMlbLooikHGSB4eI9Wt8ytkaYKB+FABK328Y7OsHnORseC1rbN4Q0xy0E7wtb2ZbFMMJ2XHiQZhd2VCHBeWb3Xa9dTmbIyX+omTg0nNw9Cn3pfxuJYDxB3FxX1BkyvN8FltTDNLHnU25WiYnr9F7V2ryrvqjXNe9hAIlpIkHYrzztbg+5qMbf4NTcnxGZXTjduvW/xyeTEmPaf1niEKkKEhdTjRkJijIQlKAKEoyhIUFsE6ZOFUJOknQMnSToGTpJKhLhzl5bQe8GC0cbTyc08TfmAu5V+fMnD1Af2k+1/slWL/s925wlRgNfhpu/VYa8+qyvarNKFbEudhzLLAEaE8/msnRbZHRMOXNMSV168tuWsytknkCQCfO8edlpKQFh0Wfydw4ASf45fX5q2wmIB15f3+9V57+t+P40eAqQRBkLWZZXCx2Cqg6LQ5fXheN+OiXsa6i+VFmOMZTYXOMALhoYi1iqrtLh6lSi+DDiPDyC17djExO9rpPHUHeNgDlvCtMnv6G68fGeZpQB4Gh4FnMJg+YO6sOyfb+r3xbWaGxqCYInkd1M5s+t7sv+r1fNBcFeW9va4dXY0fpaZ9T/AAt1UzxldhczQau2mNF5VmmJ72s9/M28hYL28We+S6cvmvr45lxEISjKErrcQChKMoSgAoSjKEqKtUkgnVQgnSTqhJJ0kCSTpKhlHiGBzSCpVFiqnCxzjs0n2CDChlz5n6rlqnhdK7qIsuTGsXNL9dFnxa5fjIFvZWeExR1LtyD8v76LIUK5Cu8vxAtOtvT1VuTOmxy7ExEukHbf1Wuy6p1tzXmuFxwa8Tuf4mVcZn2gLG8FGx0nedl4bxa6Mbkem0Mzo07PeJ5brmzXtVRawiQdd501svJnYfHPHG1k3JMm6alhMQbGhUJj9w9/K3zWpiRfbV/i4zXOw8HhP7iYsLqgqOYagdw3mXDYidI3Q1sK+m5vfYepw2BBkSB1AXRnWNwpc3uaNSlbxcWnkB8p6rfz8Y1jcna9HzDMWNwQNIBoLQ1rWiAJtYD3WHKgy3M3VaXd34GGRPWV0Fenix6xz+bfvQFCUZQlejxAUJRFCUAlCUZQlKq0SSThEJOmTrQdIJJIHSSUdasxg4nuDRzJACCRV3aCrw4d3/KGj1N/lK5Mb2pw7Ae7JqO2ABAnq47eSz1XF1a/jqPmRIaLNb0AWN6kjWZ2lhymxLUsPrCmqskLn/ro/ikIgrvwTxpMLnxFGFC1xBXr+vH8q8c6077cgrbs7T463E8SAZ5rMUcWYjfmr/JMyDHW9T9/NSy8bzqdejNxAFojoom5oxjoMeR68uSLLhTrNvDTb+6qh7UZNVpnvQ8Fu0be2q5pm9dnv87GnrdpaMcBm2xHFzWfzypRdTqViBZsaRc6CPNUWV5LiK5D+KGj4iT7pZwQ+o3C0zLWEF5/cRzXrM23nWN+e+nOcFlVOGcR/Vf8LrKcCBATFdLgt6EoSiKEogShKIoSgFMUSYoqyThME6qEnCSCrVawcT3BoG5MBUSJLP47tVSZak01Dz+FvublZ3H53XrWc/hb+1th67lTqtVm3aGlRBawh7+Q0B/5H7LEYvFPquL6ji4n2HQDYKOEyz0MV3ZdXHwn0/C4Sm0WbOtS8q5pHxLtLbKnweJBs7VXFN0heOpx74vXLVpyqzEshXFSy5q9MOC1ms6ipa6F2YbFFp1iLxzMKJ9FPTwZK9Ox5+taDA9oHs/UdDF9z6+itX9pTUptY82BnXWDP2WVOWkDiLwAOdguLvYNjImx/AU5K17az+to/tEW0iymdbx1suHJMRT43Pc8B7oABOsC6zfeEpTyWs54xrV09DKErJZdndSlZ/iby3H+J+y02FxbKreKm6R8x0I2WmUqYokJRAFMURQlAJTFEUKDqxWLp0hxVHBo+Z8husrmnaKpUJbSJYzn+o+Z29FU4iu+o4ve4knc/Qcgok6qduNqgyKr/wD3d+VHWrPeZe5zv8iT9UKZQNCYhGmIQCmhElCAExUhCGEVGQuvDZg5ljcfNc5CCFLFl5+LunmFNwuY80D69L94VNCSz6Rr/wBKsnYymNJPpCE5mR8DQOpuuBJPWJ71LWrveZe4n6DyCZqEBSALbNEEbAk0IwqgXBHhcS+k7iY6D8j0I3SQkINXlecMreF0Nfy2P+P4ViVgYV1luelvhrXGztx580GiKFBRxDKgljgfL7hGUQxTJ0xQYQJ0wTopQmRJIGTQiTIGhKESSAYSIRJIIy1AQpk0JwRQmhSloTcKnBHCcBSAIgE4AaxSNCcBEAqEAjATAIkDQknShADkBClIQkIBY8gyDHULtw+Z1m/rJ6OuD91wkJAoNlgsUKrA8W2I5EbKYrKZdmLqLrXadR9x1Wnw+IbUbxMMj6dCgxAThCEQQOkkkgSSSSBJJJIEknSQMkkkgaE8JJ4QMiASCIIFCcJ4ShAoTpJ0DJBOkgUJQkkgaEJYjSQQOELpy7FOpP4hp+ocx+VEWp0H/9k=','2020-09-09 17:04:00'),(3,'The Beatles','https://www.beatnik.co.il/wp-content/uploads/2018/08/BEATLES-FOR-SALE.jpg','2020-09-09 17:04:00'),(4,'Dominic Fike','https://www.nme.com/wp-content/uploads/2020/07/Dominic-Fike-header.jpg','2020-09-09 17:04:00'),(5,'Eden Hason','https://leaan.co.il/LeanWebLink/1159/get.resource/images/1033/1007230.jpg?etag=F8BE72FE8C60983AF177837C52D14DCC','2020-09-09 17:04:00'),(6,'Kaveret','https://img.discogs.com/o4PCZe-6SeIldsR0dt3d5wL2g2c=/fit-in/600x534/filters:strip_icc():format(jpeg):mode_rgb():quality(90)/discogs-images/R-7422411-1441210344-6192.jpeg.jpg','2020-09-09 17:04:00'),(7,'Ed Sheeran','data:image/jpeg;base64,/9j/4AAQSkZJRgABAQAAAQABAAD/2wCEAAkGBxISEhUSEBIVFRUWFRUVFRUVFRUVFRUVFhUWFhUVFhUYHSggGBolGxUVITEhJSkrLi4uFx8zODMsNygtLisBCgoKDg0OFxAQFysdHx0tLS0rKy0rLS0tLS0tLS0tLSstKystKy0tLS0tLS0tLSstLS0tLS0tLS0tKy0tKy0tLf/AABEIAKcBLgMBIgACEQEDEQH/xAAbAAACAwEBAQAAAAAAAAAAAAADBAECBQAGB//EADoQAAEDAwEFBQcEAAYDAQAAAAEAAhEDBCExBRJBUWEicYGR8AYyobHB0eETQlLxFSMzYnKiFiSCB//EABgBAAMBAQAAAAAAAAAAAAAAAAABAgME/8QAHxEBAQACAgMBAQEAAAAAAAAAAAECESExAxJBUSIT/9oADAMBAAIRAxEAPwD5nX95aFros+4PaTdtUwlTaVBEvB2UtQrDmiXVUQpDy20dUkE7tE5SQWhLBaNpos4LRs9EqcCqslwHMwvpXsnsJtJge+O1lo4uA0eeh1A5QvAWVMOr02nQuAPiYX1htEmXb5bOIAGGjQDlwHgsPPlqabeLHd20KRid0AmIA0Ajh0HErNurYh53jgZPXoAnrIhuQTrqSZnqTyXXhB04evGc+S5HR9AAhoAGeXKfqsraVlAwRnJE6fj8LcoUiR14/QJO/pbsyZPHlHJEVvlg0KW6Z3CTqNI78It00vBE7o+E9VZu8Mg4xAORrmJR8Ee6N7Qt58ccjgKtmzKlsKbAG5J1J5eoS1xW3Gkky93PgP6wtepAgPzjDeJ4nePEdfALzl6DWecGJ9FVjyRZl0X8TjGuqM2kRmMH+xju+aLZWTY3o9BaJp9nu+OPXmrtEjNmfXRXzIPKD8vsr17fsgjXXylRWYBTLxoCB1JI09cuqJSq7No5IHuiTrqeEDz8kZrGPY39QxLt2eRGBnrosZv7eGW/9vwEfaF3FIN4mo9/XdgR8ZCekWlNoE07h9N2gO75jUdNCm9ntD2mTkceXf0WXVqurNBcZqUwGz/Ng08R8u5H2dcFjuh1554q/jLvs3UJmCqBqNWo8AZgCO46IFOqrjGzQwooNQK9S7CUqXKZJuT2V5y495bNevhYtY5VQAlEt/eCoVNM5VE9FRPZQKiHRq4VXPUmo9DKlzlSUGLVcobXKl65lNFC9O5KY/XJCFToo5pwEtnpl3iVCavUqFaUrRs9Fnpy1fhKk0dmW7n16YZrvj56+H0X1ZrJbutMGcdwK8h7I7MNMmvU94iGji1p1PQ6L2dkTG8eQA8T9lx+bLddXimomoNwAnh6PzjxR7K1Jy7GhI5K7qTTk5gz0EaJK62gB7pxxI+QWPTWcmqty1stZk/y4dw+/RZdzUJAG6SSZIHkASfFJ3W2v4Y6/wBJQbSc+Y3nETB4CeAOfRT1VTHTTawTwkCTxA5AeP1VHtFJm+7JPD1xP1Q6FTgO8nUk6D5FVuXGoYGfh4pKZtSe285jAPORg/Fvgh2VDdbnVwgfdP3LBuho90ZJ4nl8z5IIYRE6DPlmB4/VVsaBpshvj9c/AjzUkzMchHmfPX4Ij/X2Q2vgOgxAidOn1JT2AqoxujgM+eUveCaTQcAQesmfoAPNNU6WfAgd5/JSe1jAawHDMu6kD8lXinJkVH89TpHDEfBJ31dz3nlER4/dP06Uvk8vyfr5LNrPyY8FrGOQlJ27kdPDP4TNRmhHoJCm7B6kfM/Qp1taRHJNLQeQ+nLdWntdRx8ViXF1BPBaNF+74jPxCx9o0iD0Oh+ieLPOBvvUI3aWcqwtGZs3GEu4qAuTgVKlmq4rgmR+m/CguQWuVgpUspAUBEagL1EWkEKomKDUU4JTCNUGF1KmiVmYUb5Uwr3VJhOX2qUC0ZpC0tliCXxO7EAiZJ0x0yfBZwT9lWI09dUsuifQPZsyCXuJc6GgHgV6KYwQYkRnGCRkcML597PXoZUku/lDTP7t3Mea+gWtbfa1x93jnXX5rj8s1XZ4ruC7Xvdxm6JyAXHj3dMQvPVboQezOYjOvmmtoPLnTzzxgZ+X2SdWm1g3iZPDl3wso3k0RuKpB91udIAz1k8OqGxxI4kTAE48efwQqkkzGTjuHVa1jbRHxnmtDVtnOMyYGSYwOHnqtKzZ2Y55zq7PwHRR+i3Qc5I5xpPj9E1Qoz3+vwopAPZPDCSqMJdyEY8NZW2GcOqXuqIgkccDuxPrqpG2I7Jls8h4cfgqtpbxI8fsmXUzMQmKVCDMK5BaQe79MYEngsW5I/dqdYzlelvKeOqwrxg4jK0xZ2sqrV3Q4zktDR46+MD4rLjtQmr2oBG8eJ7yUrbv3jI5raRjby5zSPXTKJRqbuUMTx7/AIq5EEA9fwmR1ztAPQ1QarQ5rgeQI6FC35HgPhqqBxI3efz4IhZMp4UAIrwoDVoyV3VRMFqAU4VVK4KCpamQ7ERqowIrApUsApARGtUlqAq5NW5S9UK1JyKcaNJyJXOEjTqI734UaPbHvtUmE5fJMLSIWTloEmm7VyKRm3p9sEtcRP7Ry14FfR9mPigwwRgmJk64079Oq+YuqgGYk8J+y99se6LrdrxnO7jWBr8Vz+abjfwXkzeXIBGMkeAGkfRJ1JdmM8OkjHjH25qlyDLd4kl2GjpnK1qVhG6NZM+YOVzyOzZe02fxOToFv29gGjOqtY2jpLjoMDw1PifkmKlccSq0i5FjajUjT7Lm090o5uWgarK2ltVjNSBOmUepexmpVA1I9FIXW3aDBDnDnzK8ttrb2+dymeeR16/FZDBxcfEwtMfF+oy8n49LX9qGuP8AlUXO6ux8Pyo/8jrx/otH/wBD7rBpvn3QT3aJereiAQ3J4bx08o+K0mH5Gd8n7W1V9qX53qTZ7zhec2rtmq9xG9ut4BuMdTrqjVSXAHd14yqULQOPuyRxIV6k+I3lbrbIDXHME9fynNnyDnv+C2mbMPJWds+ErkrHAu6mJ75+Q+spS4bMnkm7527Ma6D5/ZZ7XHA9aypiq6k/OUR5zjh9kFwxPVWGknVVizyLvC5oUvXNVocQl3pl2iWenCoZXNXFc1MjVNGYEvTKZpqVDNCklS1DeUgmuqMVq66iEwuxHlUY1F3UjZd6lAnL4JIKkrI9AoCNRRSdVOV7n2Mug6g5hMuAcY5AAactfivDVVs7A2iaAe4CezEcgSJJ+XiFGePtjpfjy1dtNm1mmrunUEa/tA1zy1Xo2+0pf2bOgapGDUd2abSOpjPj4L59bQ+pBHZJ3nCcuEjU+P2XvdrVhTaGshrGjDWiAB0CyywmLaZ3Itf7RvjO9csYP402g/8AbBXnbqpWBk3Dp/3Eifim6AqVt6OwOB5+KSOyKxlu4Z4kxE897U+C0xx/UZXXRa42tcNBBqO858jqtrYvsZd3VMVi7da4SCZMjmkNpbIc2k505Y2Y1mNV9z2HY/oWtGiP2UmMnmWtAJReOhJu8vglSyNCs+i/3mkNnmNfj2U23ZznCRHQEx4lew9vtgfqu/VpD/MaII0328p58lm+zFVlUbp/1G4IOCY4xw6o9tzZ+urorsqxLNYKs/YdOSd2ZM7sndHcPyvYUtnDkE3S2c3iAOam5/ivSfY8Hd7Oim527DWtP2HdwWjs/ZW7TYHDO6J74yn7oi6qinSzQpOmo/g940pMPEA5P9LVfAU3JWM52xalmANFkbSpwF6G7qLA2iZCIqvJXr+14qW0SSY6K16zK09n0gWkjx71SPrIvGhoDQM/XmhW4lhnXVM7Yw4Difkk2OgHmqjPLsFylqF+oqurHgFpplsw5LOXNqniuKAGVwXFcEyGYmKZQGBEBhSo2HoTyhF6vSygDXCJbNQ7jVFt0CGWNRXNwh00d4wotUw9oapEJ/aCQC0iKsj0UuiMdCKS9ZaXs6wOc9jjAewsmNCSCD5gLLe5TTqlsEcPmlrcOcN682a62qN3iHMON4CNeY4L6ANjiqAXZEDx5LyTdpNuKYD4y3dd/wAg2Z+C2fZnate2pNNem6rbSQ2qztOowY3ajf49f6WFtvfbeanXTebsuBDW6IjdjE+95LUsdr21VodTrUyD/uAPiDlDv9vWtH36rS79rGduo48msbklKbUwfaCxbTotbHaq1aVFo5mpUaD5N3j4L6JTHYXzS1r1Lu+oVKrd1rHE06UzuYPbqEYNQmMDAHVfTy3EKt7LWnk9r0zMwvH7Y2KHuFWk406o/c3E9/Xqvoe1AIXn69NpacqeY04ry1C82kzG+D13GuPmjxdVsXDqjm/xBFNh7w3J81r7IuZBnMEhav6g4Jew9Yzrdha0NDQ0AQGtENA6BRXdCarVVkXlfqlDKXdZZtfKY1Qq7h9PwtE1gbREFDttpfpDSZRNomSs0QTBTkRlQ7y4LiXnw6JJ9bCe2szdaBzOFlRwWsjHKrF6jvRKdFHbRCvSCwaeRVoI4FNQFEjgjQKwuATkA6hDfR5ZRoIaVYqgUyoUhxRqDlVrFf8ATTBi4V7dVuArW5U/D+maaYcMJdhTDnYU02LtBIBaG0FnhaRFWVSVKqUEICpVWqyYXoVi04K+mf8A5ptTeZUpE5B3x3OwY8QPNfLm6r0nste/o3FN/Cd13/F2D5YPgs/JjuLwy1X0682NQqHefQpE8zTbJ7zCR/whrcU2tptPBjWtnvjVbn6kIYMlcrrmkbHt6dE7xHutJnrp9Snrn2rpAYcIhdTsw9pDhIIgrxW3/ZpjHD9AubJ7Q3i4HzVS6K8ge0/te5xLaenTJKwaftG+N2D858lars2HQmaOzNMK9zRcvS+zjP8AKE6mSe8rSq0iNCseyeWCDiP6RLraYZ+7X1hZ27Xoes86LKuXq3+KNcfXqF11TTxKlmP9dyzbipk5107xKZuHcu5Zt26PXRaTlF4I37+KQtT2kS/qjglKVWMq2dq22qu88AaNHxKWpsVZklx45VgJWsY0T9RcHHkpaIUqiVLjy+SjfV1WUBwcrB0IbmqgdCQHdlDUAq0yiwC0yjJMOhFFRSo3dFVoFTcKKAS+H9MtKNvYQWBH3cKTZV8kAtC/CzwriKlQVKgopLhcuXJhA1TtKrCRRWFKh9f2FtIVqDDMkCD1jC1bQiV8u9ldqmk7cPuu+a+hWF0H6clx5Y2V2Y3eO43m7RaMSsrat7TaJJ5xzJ6Lze1qFd7t1hI6+Kgezz3AGtUe4gZEgT5BLGb7VeEv2hbAl1Te7sHTxWbX2s6q7/16ZjgGgu83aBaD9nMp6W0xxdDviSUKpVquw1gYPXALX+Rx+sqqLo5dus6kgnyCta7HdV/1Hl3QYate02USZeZ71t0bdrBgI9p8T2wP8DFMDd4cE0XDd8E7cXACxLu6ABCic1V4hK5qxPRZN7XkSNUa8udeqxLiutsYyyyBr1JwgTw81V71ZgWmMYZVdo/ARmhVY1XVpcuhTMZKpM9yYSVUlSoKAgqhCsSqlIKyrAqrlAKALMq9MIAKYoPHFKnDdYqtJy6qUJhUmdY9H38JFqYacJKKX6zwn7xIBVEVKqVYKrkEsFIVWqwTDgmKbEuE3SOEqFtNF6b2f2xkAnI169V5dxVKbi1wLTooyx3GmGfrX1ulctdD5W5QeCAvk9htkiAei9l7P7YB1OkcepC5cpcK6prKcPVV7EuAxx5a+pSX+ETMnl/adZtUEDPd1CTvdqgeUo3LyUliGWzGJLaVy2EntTbQjsn1pleZu9qbxyeePXqU5LVcdmL2/AnOJ+v9LzlzfmTlDvbyZHrosqpUla446Y55j3F1KTy4otK3J1TFYCm2fJasqz3jtRy170VgQaaaphXGa4UkxkqCYVWiclMJaJyVYqSqwmEFUKl7lRIOlQVxUICFBUlQUg6VIKqFyA0nlUYrvQ2pGZYmAMJRhTLXYSMneLPWheLPTKrBQVK5MnBSFxXBAQjMeglRKVA++rNKXBRqOqQWuNE3svazmHJx6/KVr5SgTyxl4qscrjdx7antsgyHShXe23OOuvr7LylOs4aFWdcOJWP+Om18+2vW2gSk6lU8P7Qra43HTEjiDyW4ykyo3ep5HLiDyKdx9Smfswhbudko9O1AWiKCBdXDKYyc8hqnsgyAwSdFjXdxvmeHBdd3bqhzgcB90EBXIzyuxKaaZol6aNVdA71aXe8egRVVjYCnqU4HcJKE5xKhzi49FdreSQVDVz3gYCirVjDUINQEyuUqCkEKFKhAQpUFcgNOohArlyRiMKZYuXJGVu0iFy5USVwXLkEsVAXLkQIKqpXJUJCZotxKhciBDylnqVydDmlXYFy5AWKqa7mGWkjuULkUOqX1U6vPmlXdVK5Ac0KzQuXIAzOCLEu7ly5MCkIDnbxjgFy5Ohdo4BCq1v2tXLkgq1itC5cgIIVSpXJBChcuQEKFy5Af/9k=','2020-09-09 17:04:00'),(8,'Simon & Garfunkel','data:image/jpeg;base64,/9j/4AAQSkZJRgABAQAAAQABAAD/2wCEAAkGBxITEhUSEhIWFRUVFhcXFxUVFxcXFxYVFxgXGBcXFRcYHSggGBolGxcVITEhJSkrLi4uFx8zODMtNygtLisBCgoKBQUFDgUFDisZExkrKysrKysrKysrKysrKysrKysrKysrKysrKysrKysrKysrKysrKysrKysrKysrKysrK//AABEIALgBEgMBIgACEQEDEQH/xAAcAAAABwEBAAAAAAAAAAAAAAAAAQIDBAYHBQj/xAA+EAABAwIEBAQEBQIEBQUAAAABAAIRAwQFEiExBkFRYRMicYEHkaGxFDJCUsFi0SNygvAVkrLh8TRDc4Oi/8QAFAEBAAAAAAAAAAAAAAAAAAAAAP/EABQRAQAAAAAAAAAAAAAAAAAAAAD/2gAMAwEAAhEDEQA/ANflCUmUUoFyhKQhKBTik5klzknMgczIZk3KSXIHMyUHJnMhnQPFyGZMhyUHIHMyMOTYKUEDgKcBTIKUHIHg9GXpjMoeLYg2jSdUcRpsOp6Dugk1Lka67Kt395SEyWtnMO5HX5ri4njFVzA6noHmAN5HX05LgYvcVGjkTBbruJBgnkd9/RBMxfFjUEMkAaA8tRsJ3On1XFq3bgxhy8/Qt7ET3KgHMyIaTMOLjtpOw2hc+q6pOsmdtN++nNB1LnGKjtCZDtNTPbXodl0La4FOllDo0zD0O0e6rdGvrLhEaiJ3O5j2Ck0a1MmZH26zudAgsTcWIII80t/Udp0kdSh/xlxa7zO80bRLv9R2Crt1cSBEQOm5A9RKjGo7kTodAgtNDEXN8wqEh0NEmBI3MjcCV2cQxt/h5RPmPlJJA06xr3VJoXzQMrpIBHm/qjXQQYTN5evcScx6CNPLzDR3QXnhPiKtTrZKpDqbubf0nYAALTWVQ4SDIWAYFfupPH5QRqM5gdgtm4axJlWk0trU6jol2QjQn+mZCDugoByaDkqUDmZHmTUpUoF5kEiUEDEopRSiQHKEopROKAEpIKIopQLlE4pGZAlAC5CUECUBgo5SMySHIH8yMOTGZGHoJIclApgPSw5A7KoPxF8R1RjQfIGyJMAu8wOpETq1Xlz416LPOKbx1Z9QZj/hgZaeXSdy6dyYhBx6V6GtDHkl2zjoQ39unSYUe4uA/MAcw57GRsYI5yodaXCm0TLydZ/g9CrTwlw8KoNR05STljmDue6CqV6TQA1jTIBDo83fY7bqLXovL4DCzccwtktOHaLfysCdrcP03DUIMW/4c9x0dvPYfVJucLyN5OIGsfydiFqtbhClqI0nSeQOvqmDwXTMn8s+89jPJBkMEa7tHySGug6Sf59VpN7wc3XtoB2nl3VTxrBPD1AfI5b6Dug47rcuMN0JEx15wJ5qXVwtzabC787iYaDJDRGro6qPb1MoMHRwIIIkRy7z3TjK7mggPhs8iY9SgVcNa5oa2c7TqHanbWOyvPC3CDm1KNzQuRAgvEHUHUt36dVn95e5zmyhswCR2EfZdfhfiivRqU2CpDMwBBAiCY1PYIN1BSpUei+QDO6da5A4jBSAUcoFygkZkEDBKAKRKMIFoigihATkhG5IQGEbkAECgJJKUkkIBKS5yBTbigVmSmlNBKQPhyWxyjtTrQgcedDKyDG7iobh5Bgazk0lu0fTmtZuwCwjsVj9xcNbXe0w6TEg9DqgLCw6q9rTuSW0hzBdGZ0xqAJ+a17C7YUmNpt2aAPkqJwW0VK7qsABgDR126rQbVBMYE4E2xOBATwmqgEJ1xUes5BzbsRKruJhtSabgJIMe3RWS4bKrl5Aqg7QYQZjiNu2nVLSHCCY007FNVHMgHJqBlJn9XWB2Vj42HmJEbgg8/QKuk6GZgtkjudj3KDnEHXoP5Qt2y9oIJkgQNzPRSqWXK7NrA0HU7Seyhh5BBG4MhB6DwTShSaTJFNgJ7hoBXQDlTPhncVHWk1JPmOUnct91bsyCQ16UHKO1yUHIHcyCazoIAgCgihA6ERKTMJLnIDcUmUguTVxcspsc+o4Na0SXEwAEEgFVfiPjq1tSWAmrVH6GbA/1u2HpqeypnF/xEfVmjaEsp7Grs9/+X9rfr6KiCmTqTAncoLbinxIvahPhubRbyDAC73c6fpCrtxjdy8y+vVdPV7vtKhmm393yCm08LJZn82phvlOsbn0QHb49dM/JcVR/rd/ddSw47vqehq+IJn/ABAHH2O65V5hZptpk7vGaCNmzofuo1xaFmXNpmE/WEGwcL8a0LotpmadYj8p2cRvlPP0VpDtV51oENIIcQQQQRuCNoWtcGcXC4ijVMVQNHcqgH2cguwKW0phpTgQHdO8p9PksLr1y17soA8xOusCf97rdjqIWPcb2AoXLg3RrhPz3QdDgm8PiimCILsxI0/StUthosk4CpnxnP1OVhMfIKxXF/Wa3PUuhSnkWgn2CDQ2pxpWM1uObum4htZtQTo4tj5g81euCuIql2xxeGhzCBpznmgtblGqtVR474nrWhY2lll0zm1PaAqfS+IN2SB5DPN2g+fJBqdZuiovFFyGg6qK/iG7DC/NSdoTDHzHsqrimOPraOEHn3QM4piZqNaDuDqft/K5RqJ6uYaNDz+ahFyB01TESnLO1fVe2nTbmc7QBRcydtrlzHB7CWuaZBG4KDe8Bs/At6dL9jQD3PM/OVPDlXuDcfN3RDntyvGjo2d/U3+ysLQgW0pUpIRygOUEmUaB5BwSQgXICJSXoikuKBm6uGsY57yGtaCXOOwA3WJ8ZcWVLx+RstognKzr0c/qe3JW/wCL2KFlKlbtMeI4ud3ayIH/ADEH/Ssuc8ACNSef9kErCMNfXqtpU/zOMCdh1JWuWHw4tgGeNLyA2QCQC4bk89ei4Xwvw+m2Kp1edu3LT6rU2FBAtOHbSnGS3piNQcgn5ldD8O2IyiOkBLDkYcgh3WE0H6vpMcYiS0bdFxcY4Ls65l9MgxEtJGnpsrK5yj1HIM6x34cUdHUahZAgg6gxzWe1qVS3qxOV7DIcOx0IW44pV8pWVcaUxObugvfBfE4u2FrtKrAMw5OG2YfyFaQ9YfwFdFl9Sg6PJYe4IP8AIC2lpQS2uVC+JFpmcx87CPrvKuuZc3GsLZc0y12hGzhuCgrvw0ZIeTECGjTlJOqteK8L0Kzg8t8wIPr2hVzhLDn2tSoxxkOyua7aQQVfaTtEFWZwVQNfxi0xmzeHvTDtJIHsu3hmH0qEtpNDQBqfeY9Aug7aVGpNlrjzKCh4jbMub3PWGZrTlaDsB1I5ieS7GO8HUnW+SkAKgdmz5WkvkOaQdIAh2kDSAq/WdUpVC9wGXPEjlqBr21WkWbpaPRBmFP4eVBlyVdY88jT0Efypdb4fNZTLy6XxPQLSHqvcWYq2lRdrrBQYzjjGtIjTcFcYlScQuS90lRCgVKsXB+AfiqnmJyAwQJ10nf5KvVWxA7CfdXD4Z4nVZceGJNMgktEaH92u3sg1jDrJlJgZTaAAIACkyilAIFSlNSQlIDgo0mUaBZKTmQc5ILkBuTbijLk096DJvjFWm5pM/bSn/mcf7BUZrgAFa/ivP47/AOmn93qnBBqHwxunPJEfl6bALVaR0VM+HmEi3tWucPM8Z3dpGgTeM4vdVnFlq9tJjTDnvmSRvBiAEF7lGHLM7zDr17cxxBrNNA3MGn1dKXwrd3tJ+StV8Vh/K6cw6boNIc5Rrh8JbneXMVkPGvGVQ1HUqDy0NMOcDuegQaFejNMQs148pFmUHmuVh93fP1ZXP+p4/k6pnFsVq1QGVwC5h/Nz9Cgg4dWyVabx+l7XfJwK34OXngrf7Crmpsd+5rT8wCgmBESBv7oAo0EPFsjTTLN9dN9oXUsa0tVdxDD2sqNqgkTLCNxrr7bLqYTU5IOpiFMupPY12VxaQHDkeRVCvhilvbZGHxSZGbQ1Gydp/V6q5XeK0aQmrVa3sSJ9huue3i6yInxW6GBzJPYIMlo0L1viMLaxLm6tAJknYkra8AdU/D0jVEPyNzA9YEqBaYna1XTTqsLuYkSpxvANZEfZBIuq4AJWP/EDGS9/hjbmrlxRxEymzfU7LIcRuvEe555lBEO67r+HKlMMe+Cx7ZzcmxqZ9lwWPgg9DPZdPFMerV2hjiAxuzRsg55Jc4kDckx/vstQ4B4fbpXc0sJAy5XHWRrI6dlVPh3h4q3JBGgpk6iRuBr8ytktLdrGhrRsgkFNuKIuTT3oHRUSw5RQ9OtKB+UEjMggdcmnORucm3lAouTTkZKRmQYv8S6xffP2hrWsEHkBJnoZcVXsOtvEqMYN3va35kBWv4lYG6jcGtuKznHsIDRHruuRwYwG8ozyeD8kG821vDAzkAAuFj2Dv8rqeWZiXjM1o/cGbF3c7KyUSnsk7oMqZguLOqgPrO8IPMvFQQWT+zbblHNWvhzh005e/LmnQs0Dh1c3ae4Vo/DN6BKeAAgDh5I7LDMLwR1a8qMGWGveZeJGhOXyzrJ9lujh5Vl+D0zSxGrTI1Li71DtUHDvH4iZp1KAytbq006eXQalrgB7aqv0bR9SS1pMdJ0Hqtxu8Mp1hle2Qe8KE3CKNBjhTYGiDI6oMSNPWO8LfbWmGta0bNaAPQCFheKACs+NsxW0cMuLrWg4kkmkz55RueaDqNCcDUkFLaUEPFbcvpOa3827f8w1/wC3uuJhOIE6DfmDuOvurQQq7jtj4T/xLNv/AHWgf/sfz80D11YWr/PUoMc8cy0Ekj7rmXuM2wGSth7nAbE0WH7bKx4fXY5rXAgyJB6qe6mx2pAJA6BBmNzbWlwQKVrUpGdHU2+HHz0XbpW34WgRnqP3MPdmj0MK3DIOQ+iqfG2LUqVJw0znQe6DLsaxN1aoSdANh2XPcUHP1JTbnICXb4VbZmqBdOe3UZSIyT/WdwPouIilB6Fw+zp0mgU2taNNQBr6nmpgKoPCnG1uLejSrVCKoGT8riNNGkujmIV7aUBvKbLkp5TRQG0p5qZhOtQLQRIIFEpMoykOQHKaeUolNPCDmcYYM69tfDYWtc1zXAumJ5zG2hKy/DMKrWuIU6T2+ZrgSWyWlu+YHotltyAQDzO/8FROILZralNzQNQR8oQdKxrZmhdBi4WHPgwu0x6CQAuVxBi1K2p+JVMDkACST0AG66PjAKLe0GVcpe0OymW9j1QV1/HVu2kHk6nWIIcOxB1Co+A8R+NiPi1AG5/I0dB+nXr/AHV64l4ZpXZ87YLGwHN0JPfqqThXBoZUzVH/AJHAiDGx0QakNBKrfFl/4dN2usbLrMvQGATyhZrxxfk1Ms6QgqFd8uJK3LhugWWtBp3FJk+uULHOHcO/EXNOlyc6Xf5Rq76Aj3W6eiBbWpYakApbECw1Q8ZxClbUXVqphreXNxOzQOZKnNCq/wAS8MfWs5ZqaThULRzbBDtOwM+yDPqXGL6dR5pUw2k4y2lM5PQ/WNlLb8Qa06sB99vRU4psoLlccf1MpDWakbk/wFUL69qVXF9RxcT1/hNFJKAiiKMoigJEjQQBb7w/e+Nb0avN9NpPrEH6ysAVltOObyk1jGOYGMAaGBgiB9fqg2khIKoGFfExhkXFItgSDTOaT0gxHrKsOF8YWdeA2qGOP6ankM9p0Psg74SwmmPBEgyO2ydaUAhBKkIIFkJD04U09AhzUh45pwpJCBl1IOBadiI+ffkqE+6uKF+LatXdVpFpdTzRLQdpMTIykLQoVb4lwA1a9G5aQDTDmvB5tIOUjuHH6oOzTGg9l0repLVW8GxEObB/MPKR3G67FGvAQQMZxerTIbSoPrOmSGDYdydAo9LHb/nYvaI0DXUy73lysllUA5anmomO3tSk0vpszujQHTVBwbzia9aPLZVp5ksBge26qV5xrVzFlSjl15jK73BU++4zxGA00WN31AJn6qDYeI94qXJAE6Nyga90ErEcUcKIqNP5m8+RP8qmX92aji481dOM7yk6lAidNB1VEYwuIAEkmABzJ0AQaH8N+H8oF452rg5rG9BMFxPXRaEAoGCWXg0KVL9jGg+san5roSgUAlBE1OBAbU5y11EfRIaE61B5yxV7HVqhptysL3FrTybmMCOXooZXRxz/ANRX/wDlqf8AWVAIQNlJcnCm3IEyiRSggCJGiKAkRRpJQGCilEUJQdjBeJbm1P8AhVDl503asPty9la7X4o1NPEt2kcy15B9gQs8lCUGus+JVpAltUGNRlBg9JnVBZHKNB6XITbk8U04IEJLksJWVA0Sm7lnlPopOXVNXP5XR0JQUDiihUt6nj0tv1gfdScG4ppvgOMO5yrRiViKrIjl/sLM8Y4bqU3EsGm/og1qxrseMwI5LoU3NOhAWG2OPXFAwHf6XLpv49qxo2D680Gs12UTqWtMdgqJj15SdVLTDQB25T/2VSr8ZXLgQCBPPmq9UuHEkucSTugnY1eB7zl2CsfwzwplSo6u/XwS3K3+p0+Y+kaKkEqRY31Si8VKTi1zdiPsRzHZB6CYlFc7A8RFehTrARnaCR0OxHsZHsuiEBtS2lAJbGoA6o1rS5xDWgSSSAAOpKzjjD4hE5qNoYGxrcyOfhjl6/LqoPxM4jdUrG1pu/wqZ80frqc56gae8qiucgNz51PNNuKMpCAFJcjRFA2UEZCSgMpKNEgCIo0koCKSlFEgJCUEEBygiRIPT5akZE8UTggaLUcJUIQgRCYuqbnU3hn5tPeCJHylPuKjGoQTHIoH6bNIUHELUHlqpLMQ/cPdKfdU3CCYQZ9xLgbSJDYPYKg3VJzCQVulxSplv5xrtPv/AGVK4hwJjpPitHo30/ugzZzkUro3mF5DAdPtzkj7hQHUSECUoINanBTQXz4ccTU6Y/C1jlBcTTedpO7T011B7rTmhYJZ4a5/LRXzhTih1EeBWBexv5ag1LR0PUINDAUTG8QFvb1a5/Q0kd3bNHuSAnrO6ZVaHMcHA9P5HJUv4wXZbb0qQ2qVCT3DBP3I+SDKqtUuJc4yXEknqTqfqUiUESBSSUYKIoEoijKSUBFJKNAoEFElQiQBJRoFAgoIykoDKJGggJBGgg9QwiIQQQIcihBBAlwg+qg3IIdI6oIIEZQZ/wB9f7qPWtjyB6/9UfYIIIINWhUHz5bRmI+zlyLmyqO3nUfXIf5aEEEHOvMKOpIP6j9WuB+6411hkGI5xtGzy37EIIIItPCnO2B9huYn7ghdvD+GSdXbD/z9o+qCCDp/hB+SkNNi+PoO66NrgwaNkEEHRs7AtILCWntpPr1UDjvBLi8pMLA0upF2m2YOAntOiCCDLLyyqUnFlVhY4cnD7dR3CjFBBAElGggSUSCCBJCIoIIClAoIIElBBBAkokEEARIIIAgggg//2Q==','2020-09-09 17:04:00'),(9,'Moshe Peretz','https://images1.calcalist.co.il/PicServer3/2017/06/24/736773/5_l.jpg','2020-09-09 17:04:00'),(10,'Rolling Stones','https://i.guim.co.uk/img/media/506c3749f374137d4ad2aacb31c1a67946b4d657/86_97_5803_3482/master/5803.jpg?width=1200&height=1200&quality=85&auto=format&fit=crop&s=6122f5893f97853cd209793357cd0da4','2020-09-09 17:04:00'),(11,'Omer Adam','data:image/jpeg;base64,/9j/4AAQSkZJRgABAQAAAQABAAD/2wCEAAkGBxMSEBUPEhIVFRUXFhUVFxUXFxUVFRgVFhcWFxUWFhcYHSggGBolHhUXIjEhJSkrLi4uFx8zODMtNygtLisBCgoKDg0OGBAQGislICYtLS0tLTItLS0tLS8tNS0rLS0tLzUtLS8tLS0tLS0tLS0tLS0tLS0tLS8tLS0tLS0tLf/AABEIAOEA4QMBIgACEQEDEQH/xAAcAAABBAMBAAAAAAAAAAAAAAAAAQIEBQMGBwj/xABIEAABAwIDBAcDBwgKAgMAAAABAAIDBBESITEFBkFRBxMiYXGBkTKhsRQjQlJicsEzNXOCkrLR8AgVNEN0orPC4fFTwyQ2Y//EABkBAQADAQEAAAAAAAAAAAAAAAABAwUCBP/EACYRAQEAAgEEAgEEAwAAAAAAAAABAhEDBBIhMRMyQSJRgcEjYaH/2gAMAwEAAhEDEQA/AOkMYpDGIY1ZmtQI1qzNahrVla1AganhqUNTwFAQNTgEoCcAgaAnWSpbIG2S2TrIsgbZFk9CBtkWTlRbX3woKUls9XCxw1ZixPHixl3D0QXdkWWjz9LmyWm3yh7vuwzfi0KXsfpK2ZUuDG1QY46NlDos+V3gNJ80G2WRZOHMIsgZZNIWSySyDGQmFqzEJpCDCWpjmrOQmFqCM5qxOapbmrE5qCNgQs2FCkNY1ZmtSNasrQgGtWRoQAngIABOASgJ1kCWS2SgJVAQBKhCAQlRZAiw1lUyJjpZHBrWi5J/nM9ykWWob1Xmk6u/zbOHBzyMyfC9vVc55ds26wx7rppO+O8VbXExQF8FPp2TaV45vcMwPsjzutHG6jWDNp1sPpEnwGgXXo6ZrRhAWOfZTHcLE/DkvFep8tGdJqOPTbGAOHBxzy4XIyN1Ek2ZkMgAbDmcRFsza1uOR/iut1O64dex155+J8bX9yqNqbvEZhpOuoBAtnz9m+H0PBXY8sqrLgsa3uhv5U7NcGHFNTf+FxzaOcLjprpofeu97v7cgrYG1NO/Gw5cnNcNWPb9Fw5LglZsA3uGHvJFiAABbCeZB/irPcism2ZVdaQfk0haydvBo+jMBzbx5txa5Wumc9PPnxX270kslBQu1Jtklk9IQgxkJpCyJCEGFwWNzVnITCEGHCkWayFIY1qyNCRoWQBAAJ4CAE4IBKAgJUAhCUBQETrIQgEIQgbI+wLjwBPotQnOK7jqST5k5rYNo18fVyAPBIFiPEgfiqNwy8l5+a7j08GNmXlEYM1lY3Na/tHfKkp3YHytLr2wt7RHjbTzVtsbbUFRYxvB7l4Lx320pyT0t2xCyZPCOCkYra5e8LDKfBTfEV422quoaLZhQxRseC0jIgg+alVhzWKDVVY5XuerLGdvltm7FxSsY43Md479zfZ/y4Vaqu2C20V+bifcB+CsltY+owMprKmoSkJFLkhCROSEIGEJpCyJpCkY7JFkshAxoTwEjQngIFSgIASoBCEoQACVCFAEIQgE2UEtIGtjbxTkhQcy2ZSGF7oHPLg8ue1pJc5tiLgE8MwfVWO3mudGY2uLb+0RrbiAswNnkHW7c/Hh7krnDEQVmXKybbmf+TO7ctcKaFkknyQytYbPe5uIkk2HtFvHldJR7Lje/wCUUj30zs3tac22BIOA8Rdp5jI2J4dOdsiN+LIWd7QIyPjwI8QmVGz2HD1gbaMWYG9kAcstB4Kz5PG1PxbqTs6scYWOeQ52EXIGRNtQqHbG+XUYi+B2EWsbtueeXBW9HaKnsOWV/cqHa+xpnRvcCHHA54B+k4C4YBwvpfJVY6yqzKanhWt6QqZzrODm+I09FtVDM2QCRhu0gEEaZrnzA8QNNXSRiNzi1pwBr9NbatzJANzpwW0bmUvyWJ7XHEwSAtDjhGE2JF87DIqy8eEu/SqcmeU17dS2dFgiY3ja58TmfipKr9hbVbVQiZlrEubcG4OE2JBtmFYL3yyzwzM8bjlZfYSEJULpyRCUhIgQhNKemlA2yEqEDQnBIE4IFCEqRAoSoQgEIQgEIQoAhCEGh7xM6iSwN7EOvyBOQKhRVWN17rLv860zs/otPu0Hv961zYlXc5m3PwWfzY63I1enzvi1u1PooFdIXPwDzKxf19E0ZG/w9VrFdvG9lQZGkGIuGJmG7rEAZG+Wl1TMLY9PdJd1tO1CRG1vgSp9ObsF1qD9621MzYmxvLXAAP79BlwHf3La8dgubLhXX2nhDrKCMkucAeOgzQzZQq8NMcmntOtyGX8VEr60DMmwGq2XcRmJj6gi2Kwb3N5fA+au4cbllNqefk+Obx9xsdDSMhjbFGLNaLALOhC0mNbbd0JUiVSgJpTkiBEhSoQNskTkIGhOCaE8IBAQlCAQhCAQhCgCEIQCFre8e/VDRA9dO0vH93H2335EDJvmQuab/wDShOaXqY4+odPHjw3vKyB98Lnu0a+RtyGjNrSDe7hYLbfXbUc8+OFwczCYw4aOfE97XFvMYri/HDyWsirwnBb2u89+voEtds3qKSCNv93G0G31iMTz5uc4+arqWnkq3CKIXfYuvcABg4uPiR35heS2ZW178ZcJIs46B+TwWOGljiFvFwvr4JNp7IGHBKyZmIXD4wJWkWvmBw48DmViNNVQO6lzmxuzLSc43jjZwy8josba3akJv2XtABsLZA6gd6Yar145YSayxYpGiAgtkBDb+12HW7x66LYtm7xl0JxG9hkfNVp2yS3HKzDccbHhce4hUtRtPFoMLb3015BcZY96Ms8cL+i+G37rUjq6sa1w+bb238sLTp5mw8zyXZWMAFgAByGQXDtwukalouthnhkB6wh8rRicA3IBzMjYG+lzmcl2DY+3qaraH088coP1XDF5t1B8QvVxYduLL5uTvyWSEJVaqCEIQCEIQIUiUpEAhCEDQnJoTkAlSJUAhC1jfDfim2cLSEvlIxCJtsVr2BcfohQNnSE8VxDanTFVSXbBFHCNcTu24DmSeyPRaTtPeepqCXTVErx3uIBPKNg7LB32v8EHoDeXfuiomnrJQ+QaRR2e8ngDbJvmQuL729JVZVucwP6mM5CKMkZf/o8ZvPdkO5aYZ9XnIN9kcAf5zusEYucR5YvLh5k/gpFnsKh+VV9NSH2ZJo2O72kgyf5QQse91YanaNS/688jW24Ma7q4wPBrWjyV/wBFUGLbVJ3OkefKGT8bLT6aa1UHk6TYyfCS5+CfkdsmGNoBHC3nyWsUbnUldHJHo52AtvYYX5Eetj4gLpW2dkjOWNt2nNzRq0nUju+C0TbMNpI5MzhkYcrkkBwy776LO1cMtVrSzPDcb8aGCsgF82ntNdo5ruY5EZhc+2/STU00dNKXGOWRrGyDJpaTdwNvZda+S6K2nw/OQ+y7tOYOP22d/McfHXLX08c8XVvaHsdY+YzDgRoQRcHhZcY3XiJ3b5cy6R9jiFsU0DLR+zIBchpNgx3ncjyHNaTtCR0cOM3DndlgOtzq7yGfou9igvGYJO2wi1z9JvfyK4P0kbNmp60sluWEXhdawMfEcsQOvkrunyuX6ap6iTHeURNvRFroJ/8AzU0Mp7yAYX+piJ81WxSFjhIwlrhmHNJa4HmCNFtO/cYbBsqMe0KCNzhxHWPc9t/Vy1W2h4fz/Pkvczm/7C6WNoQsOOUThuGzZWi5GIAgvbZxyOut7HO1j2Tcjfym2kyzD1cwF3QPIxDmWH6be8eYC8sRPti5f8qTT1TmObJG4sc0gtc0kOBHEEZ3QeyULh26PTDK0tirQHtyHWAWf4m2RPHvXaNn10c8bZonh7HZhwNx/wBoJKEIQCanJqAQhCBoTk0JyACVIEyomaxjpHGzWguJ5AZlBU7z7wx0ceJ2byHFrO5ou5x7gAvMO19rPqah9RIbue4u/h5DL0W8777xGeWeRxtihexgv7LDYAeJF7957lzmdlgHX1vYXzsAMyOGqAdKTl527+ZSvNhcnM+4cgkhiJKsdk7ObPLd5wwtIaTxc4+yxvefcEFVJYAA9zrc7+yPO1/Cymvpy0iM+1+Ul7j9Fnll5nuU+io2mWor5ABFHI8Rt+u9uUbQOIFm3UV4Lad8zvakde/xUjPurtQ0lXDWjSOS7hzYRhk8ey427wtadm495PorqePDHEy2ZFz55ge9V9dDhe4DgSPRQPS+5O0eupYJXauijcfEtBKm7wUcAAqOqaXtcHXGWmZLgMjbvWjdFO2xLSMj0fCGxuH2QOw4eIHqCtv3m2h1TGPsPaANxcFpycLLnlm8Kt4brKMUDRYPbk0nIfVdfTuaSfIm3K1lFG056E3uOBPE+Oai0TA0HDm3UfdPA9409FIM2Am4F/xWY0Lu+IzPLQACtW6R9hNrKCSOwMjAZIjxxtF7A/aF2+avHyhwvrfv1UPaE9mEBTLq7Ozc8vPe8G1PlMxm0aBHHGOUMTWxxj0Fz3uKj0sQcLHS+E9wOh8ipe8ND1U80drAP7P3TZwH+b3KI5pEkjRxbf1AK05dzbLs1dIUkeFz262CWL2Qm0rfb8M/UfxWaigJYTyJClADsl0/oU3kMNQKZ2bZ3tj8Hhry13fnZv6y5dKLGyuN1qwxVUEg+hK1/mCCg9cIWCiqmyxtlYbtcAR5rOgE0pyaUAhCEDQlSBKgULROlPboihFMDm+xd90ZhvmRfyW8SyhjS9xsGgknkBmV5u6Qtumonkff6WXcPoj0QarX1hc43PFYKuW+D7jfhY+8FR3m5z4pJDk3uxD33/FBLaSbAanL1yCmurA17I25sjcALfScCHSO8SQB4AKupKnBidxDez3HRSNmRXkbxwNxfrHT3/BShaytdJgpwexGLG2hcSXSO/aJUTasgkljhb7IsPfmp8xEEJN+05U+y85S88LoJdYcdSxo0Dmj3hR9vQ2nd9q/qCVJoo71Efe4H3rLvYwY221uR70Gbo9e8bRgALrYjcAkC2F+ttRnexXdN5aEy0xtqMwuUdEezsdc6S2TGGx7yQ38Cu9tpgWYTyTW3UunOqDbBEId9IHCQNARlfu5qypqhzxive+f8VWbc2M6nke4YurkyOHUHgR3hVlJVPiIGRN7DiCOduCzuTi7a0OPl3G5tflb4ZqPVuyI92nvCSnlJaNNOF/gtW3v3yhpLxhwkmAyjbmAbf3h+hr48lXMbldRdllMZutO3/o71jDcAPZxI1YbHIdxHoqPbdH1c8LvoyRCx52u0+8LPu7sir2xXYWkl1w6SU3wRR393HC0Zk+ZV/0mbHNKW05NzA/rIzld1PKeyTbQhzCD4XWjhO3GSsvkymWVsaFTQkySNb7RaMP3i9jR7yt12fsWNtOyFrg54xGQjTFqQO4DLyWrydgySg2IEQb94ydZf0icrXYNeSyolJyDA0eJJLj7l24UdTHZ8hGgcQPL+feOaxU0mFwPJS5fY7XtEnLxubePE+Q4BV51t6lB6Z6H9pGfZjS49pskuXJrnue3ys73Ld1yboDqg6Kpbe2ceBv2GNw394XWUCpqVIgEIQgYE5NCcEGmdJ+2eppeoBs6W/7LbE+v8V5021UY5S4cQAfELqPTDtQPm1yjuxviMz65+i4/LJckoMsDMRw8eCxTNtkdQVngjx+ybOHvTK15PtCzuKCOD8fhmrzYTcnSE2zCo49LqXFUnB1Yy596lCXtSs6x2WgWbZ8Vm+Kr3WAurnZ5Bjv5IG0T7VDD9oKTt6H59zjo1pPmNPeQokZ+db4j4qy2jKZHBot23jwyzz7ibKB1Poe2J1VL1rgMUhB/nxGE+a6S0cFwzenpKZT0sNBs556wsb1k9rCNpHsMLtXjIF1rC2Welj0K0TKllWai8zw+P5xznGVt2m+GW+Np7wQndPSz48u22/h1mvpBI0tIXK98t3JaaGepjdfC3EG552zzHHRX25W9rxV1myauQvkpXOdHMRd8lOCLdZYZyNDmZjW/MEm23orY5ad7Bc42lou0j8pFibfycPglkrmWx55q99q6cCBkhYD2QyEEPdfhizcT4FX+6nRFW1VpKj/4sRzvILzOB1tHq0/ft4FLup0m/II+ofRxyPiuwTAtjkIaSAHnASbaXvwUmv6Sdq7TPyWihMeLI9QHPlz5y5CMd+XiuZNeom5W+63PbW8lBu9S/IaJokqTmWk3OIj8rUvHdo0Z6WsM1zej2dVV0NZtmrlLY2xOIkfkJphYRwxt+r9HLIEgZ5qxh3Ro9mj5TtqXrJzZ7aCJwfI4nO8776X1zAy1dosbXbQ3jqGQxsbDSREANaLU8DbWudOslw5Ad/0RcqY5aNWz9jD5nyFm+na/aUinmw0gjGsjrn7rf+1svS7sajo6plNRuuWwsEzb3wvaA1pJ+u5tnOHgeK1GDtODeDQGgDK/PNSMrxZtjl3Xz8z9H4qKRwVpVxhrRYC/PgO5o4eKq3IOndDG1WxV7GPdZhYYRyMspxtB/YI9F6DXkuhkwUjsLsLxIyRrhribcAjwvdenN0Nr/LKGCqOTnxjGBoHjsvA7sQKgXBSIKRSFQkQgYEyomDGOefogn0TgtV6R9rdRShoNnSOw+Qz+OFBxvpD2g1wfHcFxeHedji+K0IDirHbDbPOJ1ySSVXN1QZ4WjW9io9TIXHPNZS8cfcsMxAGQKBkZyCz0/tBR49As8BzCDNUHgrXZr7R2VM913XU+kfkfBEM9Q+2YWRklzmdGhvm43Pxv5FQqh9yB5lWkdC5rGPcwgSNLmE6OF3NJF+8OXHJl247ejpeL5eWYqCshPXMLtCLX78/4hdH3F3w/q6CVkcQfJK5pGLJgIvdziM3e0LAeoWqzwXaGlhcL3y9pp4FqjyAtI7QHG+EgjhmL279Ldy8/fbrTWvTTG5d03LpIg2zUnak1eJS2W5LpG2b2iAMNtLZaHKwzWzwb6V2LG+odJn2o32LHN4i1uz5aLUHNbGQPE3JucWVyfrX1S/KbXLQPZsBfkLDu4D1S3K3crrjw48JccpPd/wC/sz1dSaatdVxMjdb5zq5G443Nfnhe065EHxstmj3w25WtENFTGFjgLfJoDG3CRketfk0d4IWlV81zmdYWjxwta3/arnd7pN2hR0raKF0WFmLA57C6RoJJsCXYbAk2uF6vwwcpq2Nv2H0RYcVbtmpaxg7T2CS5On5Wd2nEWbe/1ku83SjHFH/V+xYhHG0FvX4Q0AcTC0/6j+/LiuabW25UVjw+rnkmIzDSeyPutFmt8gmtYGsxv9g6RsNi88A52oA48eVtUQr5zcuLnFxJJc4kkuJNySTmSTx4rLTvIOIAD1/BBgc4gkdo5hgyAb9Y/Vbyvr4a43Otle+fkpE+SbFwJPM2aB4NGZ8/RQ+oec8J9E6J7swZSAOFyMvAarI2otkxxF/s2v4km5QPpLGweSRyGXv/AOF6W6LHA7OZYWAe4ActMl5haSCvRnQrV49nFvFsh97R/BQN/QhBUhEIukQYwVzDpbPWPa0vDI4w0ucdLkkkDmbYcl00O4leZekbbEtRWyBx7DT2W8MwCSe/P3IKDbFQ2SS7PZGVzqe9Qg1BaeSbiQTKZ7W54bqFUOdI8MaLlxDQBxJNgAszZMj4K46MaH5RtmjjIuOtEh8IgZf9iCkrKN0MkkD7Y43vjdbMYmOLXWPHMJrFZ75fnGs/xVR/qvVaCgUKRFJZR3JAUE2Q4iAMySG27yuo9JUTaaOhphJnFTkGMcCS2z/Fxa79lc33YYx1ZCJJBEzGHGRwxBtswS3jmBkulbz7s1O1amOppJqWf5pscrmSgNY9rndosIxNDmlptY2JcM7Anjkm5p6Ok5cePmlv+2l0s2LUWVftVjesaHmzS12Y8RzXYdk9DrGsBnq3mTj1TWBg7u2CXeOXgtF6VthUtNJDHSyPe8NkErnEPz+bcwdkBoNnEkDgW31F/POHLG7a3J13HyYdk81p5jxNLQQ4jNpBGo4Wvl/ysb4zazgW5HUHl71jpn6NN7+vw4qTJKceAE2aATcau+iO+5Ppfkp8yq5ccpv+EaqbYszv2Dn+s8fgq3GQSNRe+as66Quc02A4W9T+Kqw44shdenH1GTyzWeUn7sgkIzuGm2XwTI5Xhwsc+GV7eCe1uYGEi5zORt36ZqVTzYAQxvbdljP0W/Z5HvUqz5n2Z1LA4veRi4vce88u5RxGAbXBI1tmB3X4nvTHzYGlrDm7Jz+JHFreTeZ4+Cm0VNdjRoXH0aMgT/mP6qCK+HiddfVPgkaOzJiFz2XjtC/IjW3vUp0we42GVyG/dFsPuBWJsYLHX0BAPgb2PkfioDer78Q5jMLs/wDR72iC2ppj7QwSDvb2gfQn3ribXObmDm035X/iuodBXzm0TM0YbQSY7ZAglgAI01sb9ykd9SFBTVAEqbdKgq9r1HV00sgBOGN5sBc+yeC8xbyStdKSCbg2NxYi3A34r1MwrzFvxA5lXI17rkOPcBc3spFKwXTo4mk2Jt706loWOFy5zTrkfw4qBVx2yD8XjkUGSrnj9luY4u4nwHALqf8AR92DjqZNoYSI42GJrnW7Uj8OLD91oN/vhceaQDmLheoOhzaEcuy42Rta3qnOjcGiwJviD+8kOBJ53UUeed7vzhV/4qo/1XquYMwrPfOUP2nWOAsDUz5eEjh+F/NVcbs7qQ+TVNCRxTowgtdj0E0mJ8UT5MFsWBrn4cV7E4dL4T6FX26u16qCqa+ljcZs2hobixAjNrm8Rxt3KFurvfLStloxE6ZkrgBHG90TzI4Btg6MFzr5DDryIW9y7hOpIWV1Yfm8nSxQve00pyLHMcX4pwD7QxB31Tkq88d+Y83LxXLLujZNq731f9XTNqYDS1TeqyBFnxyusXszOH2XAi5t55avups1u1qgU1W95ZDFM9nV9Wwhz3w4r2ZmTqScyfNJu3s6Or2l8jfK+eB4fO2QTyOPU4btiIObSHlpJNndixGZWxbeoYNkSvNKHROkoat7HF7n4po3QkA4ibWGYAtexXMlt3fSeO5/JM9+I1befdKmgmdBRNc5tNGZaqpe/EQ8j5qC4s0OOWQF+2OSttp7iSVGwqV0djLGJKgtNgZGzXfbEdCGkWvl4Lm7dqVAp3wuqJTESSYy8hjnk4i5w4uuL3N81NrN/toStwCokjjDQ3Cw4RYC2ozz5XtnkAMlE1bavnWZXKWep/fvbW6qikhuyVrmua4ZPydheGuac+Fr5qA1thi+1/2risqJJmufLI+R4YwAvJccLSWgXPAY1Ekh+Yvlm7LmrpdwmUy8xEfIdAPNYXNPErPURmM4XcgbjhfgU1gBUpYGsuc1aCTCwuH1bevZHuUEBZ5X9hre+5/BA3FayBKQCkTXDI+agOuusf0eISKuqdbsiBoJ73SXb+670XONg7JkqZ2QRtLnONgP54L0/ufu1Fs+mbBGBiNnSPtm99sz4DQDgPNBelNJQSmkoFuhMuhBFa5cD6XYC2teSy2d78wcwV3djlyPphpSZXynJuCMDvI0A8yg5js9wxC4v3HRLtSPjgaPBRYX2KuWta6LtWHLVSNdhaMWts/FenuinZLKfZkTmNAM4E77aYnNaBYcMmjLvK8yVcGE5EEL0J0I7wGp2d1L3Xkp3dWdL9W7tRONv1m3+woo4PvazDtGrbyqZx5dY6ygRjJX3SPBh2pV8jUyn3gn4lUYyCkMvmpVBCXyMjGrnBo8zZRmraujKi67atOwjIEvP6gJHvAQdBfuy3Ygm2tA+J2JrWRxTQmR7JXkA9XIJG2HtEm2mWa0ugrKnae06dtTM6Uvnj7JNmNaHAuDGDstGEHQZroPTu8CmpYL6yvktzEbMP8A7VXdCe7DnT/1i9pEcYc2In6cjhhc5vMNGIX5nuK4z+2o8+dtzmMbd0gUUdE6DbMMTWPhnb8oLG2MkMvYkxAe07MWJ5rB0o7Kp5jFUyyYfm3Rtfwa2S+J1h7VwdPTVbhvTs/5RRVFPrjieB96xLD+0AuKVu2PlFLsuOTrXRCFzZmRs62Q/JXmNuXNwsCSR7dzomXjbvLxtola1wswgtyabEEGzgCH58CCLHiCFLfsCobGJXRvY05AvjkaL20Bc0AnzXY9l0TKmUzGaBtaG9ZT0uKORzS0EtkqcvnH52uLNjGTLWVUOlORzTFWUcUjTdr2DEw5GxBY/ELg8DbPiq7O38vPljMJrev4cvkpy1mDicr8yQQNDz+CropwGi4vYm34L0HsjdLZNbC2qhhcWOzt1koLXA5tc3HkQeH4LhE9KIaiogeMXVyPaPJxaD6WKs45ZPK/gxyxx/UgSAvuTxVbK0sOWit6k2GSgVDbtXa5jjkDlkfwWAwHIjiAfiD7wVIpySCSMha5tkL6XOgUBGomyb4myzwQ43BrcydAMyfAcV0bcDo0qJ6qKeqhdFTRkSESDC6VwN2sDDmBcAkkDLLig3zoh3L+Rw/K5m2nlaLNOscZzt3Odx7gO9dDJQSmkoAlMcUOKY4oHYkLFdCCIxci6avy7P0Y+JSISDlR1U53sIQpFbJoV1j+jr+VrPuQfvSIQlGm9J35yqP083xWsSaIQgRbz0MfnZn6OT4IQpg3Dp5/K0n6Ob96NdZ2D/ZYP0Mf7oQhcT71Vh98lgFyDoP9sfo6v/Wp0IU326v2jbtt/wD2DZ/+GrP/AFrjm9/5xq/8RP8AvlKhVc3qKOq+sdH6DP7JUf4gf6TFyTef87Vf6aT4oQrMPrF3D9Ipq7ioJ0QhdLGSL2G/ed/tXU/6Ov8AaKz9DH++5CEHYKD8r5u/BWjkqERDU0oQoSY5Y3IQpGNCEKB//9k=','2020-09-09 17:04:00'),(12,'2Pac','https://i.ytimg.com/vi/qNaIDJQcRV4/maxresdefault.jpg','2020-09-09 17:04:00'),(13,'Eminem','data:image/jpeg;base64,/9j/4AAQSkZJRgABAQAAAQABAAD/2wCEAAkGBxAPEBUREBAVFRUVFRUVGBgVFRUVFRUVFRUXFhUVFRUYHSggGB0lGxUVITEhJSkrLi4uFx8zODMtNygtLisBCgoKDg0OGhAQGi4lHSUtLS0tLSstLS0tLS0tLS0tLS0tLS0tLS0tLS0tLS0tLS0tLS0tLS0rLS0tLS0tLS0tLf/AABEIAOEA4QMBIgACEQEDEQH/xAAcAAABBQEBAQAAAAAAAAAAAAAAAQIDBAUGBwj/xABDEAACAQICBgYIAgcHBQAAAAAAAQIDEQQhBQYSMUFRImFxgZHwBxMyQqGxweEjchQzUlNistEkNEOSotLxF1Rzk7P/xAAZAQEAAwEBAAAAAAAAAAAAAAAAAQIDBAX/xAAjEQEBAAICAQQCAwAAAAAAAAAAAQIRAyExBBIiMkFRExRx/9oADAMBAAIRAxEAPwD2cQAABBRAAQUQAEFEAAARgAhnY/S8KeSzfwMHFadqyzUrK3u5GGfqMMevLXHhyydeIcFLHVZNtzlw4vvXbbj1hDH1YJuNSV07b3n2q/aZ/wBufpp/Wv7d6ByGE1gxEfbSd21mrbsu/NeBsYLWClUtfotpcbpXSaz7zTHnwyZ5cOUa4DYyurp3QpsyAABAAAAEAAABGKIwEAAJAAABaABCQMAABAAAEABGAk5JK7MDS2lnZpZLPvLOmNIKHRtd8kczinNybaTvw+OXicnPyW/HF08PF+ar1MVtO9nu49gbfXfyyWnSc/cd+r5t5FqlgppWVLvbu/icWq7ZGc4u+UXfh2Bmr3T7r387zcoYepHJU4/5vtkTNVI/4Ubdqv2ZLMe2oZEKd+Hnen4hUwt7Nccr8lZXt27KNdSfGnly/o0LGmmuXniIXGxmaPx9Si3aWTSyzcb58+PDuOl0dpSFbo7p77dXNHOYqjZ5dRCpOOe5p5c1bd9fA2w5csP8c+fHMncAZmiNJetWzL2l/qX9TSO7HKZTcceWNxuqUQUCyCAAAAgojJCAAAAAAFkAAkAgogAACABHVnsxb5IkMbWbFOFJRjvm0vil9Sud1NrYzd0zasdue1fJbvqySGGi95HB2Vi1SZwWvU48ektGio7kTojiyaIicggkOY2TJqiCUBrJbkcii6nOneVmMxODUs1x39o7Ee0Set4cfqRpnnGUtqlJNb737l5+J12DxCqwU1x+fFGDUpKWdsna3zL2gpW2ocndefA19PlrLX7c3NN47awAB2uUAAAAgMCQgAAAAABZEACQAAgADAAEOY1lqbVanHhGz+DZ05yOnH/aPPKNjHmvxbcM+RYSLtLmZ9MvUpHFXqY+FmBNEjpk0VmXjPKmsSRLKNiKQsRKYMY+wySM2kUcZK3aQqpxLNTN5kFSnxQVyxK69suF793E0MBL8RPmmvhcxaryt1r6/Qu6FrbUo5+bfctx35xz8k+NdIgGodc9FwAAAgIxBRCQAAAAAAFgQAJAAAACAACHIac/vUuyL8V9jrzlNbuhP1nOHxi3/uRlyTca8V1khhJK12l2lqNWPM4ehTr4hynGUd/vX3/QbU0LpBr9ZTXZNLwucenpzJ6Fh8SuZYWI39p5xhcVisM0qydr+0s14nc6PqKpBSW5oruxbUvdWq2Oil0pJGTjNacPTyTv1rcU9O4OU8kzJp6Jo0rSlTdSV8trKN+ze31JMmXZcZPDUp6wTr/q93V9i7DH1Y+28utfUwdIa2U8E3GpQcWllaFtptK0Y2bu2m99tz45E+H1ijWim4uG1klONr24KSbRa8d1tnjyY26lbtLEqbunvJWU8JSSjdZcf+S6txRfStXj0fPUN0PJeujb9p/N/Ynqx6Ltyfyb+jGaKwc1JVXZK7aWbb5XE8ysbjbLHT3FMfDabpSq+q9ZFy3WW+/LkzWTO/HOZTccHJx5cd1kcLcaKXZgAAJAAAQAEFIE4CAWAAAACCiEBGc9rXGMlFXV1tJ57k7b+W46FnMaw02qtmspx2k+tdGS+MX39RnyXprxSXJxdStUp1PV06V3f2pNbEVztfPPkNpx0rKo4KcNluylaMVGKkpXimmptpOOe7avwN+po7as9z88y5hNH7PveCsc8zk/Du/jt/OlTCaPlZKpKMsunlbpWzcbZeKNXQtNU1KMb7Kbt2C4lqEMlm/ETR0s8jK3tvJ0tVad5J8syGphYze1sq/Nq+75ElWVpEtBkS9pssm2XjdF+sd50lPJK8s2t/JrzcjpaJeSlGMUnkkksu7rOgd0QyfMvlapj/iCFFJWSEeRLNlWpVM10Vats7S6mx2KnOpGFODtte01vUEs7duS8SjUqbc7Ljl4/YvR0a4VXVi7vZStyjxS78xdox1tBg9HwhUtFLJ3TOoizK2E5xa95NPus38LmmmdfBOq5PW5buMSJijEx1zdwnAIBIUAEIAKIAE4CAWQUQAIAIxRAEZh6zu0IP8Ajt3NfZG3IxdY29hZXyku/L6XKcn1rXhm85GZQnkXIPqMjBVro1KVTI8+9V6+OrEOPdyfR2HksytpGrsU3Lym8rkOiNZKVWHQleUXaUd0k11PcTJsy68NPE02GElmzmtO6yV41Ixo4WdVu21Z7Kgm7cntPfkbOjMRtya3PZTa5DWqnzG3tZFaqxXPIhlInKqY4m1JZGdiqnAvVNxm1o5srJ2nPwXRFK89pmjgatXbnOcXFN7MU17u5PvuVtGQu7dV/p9TSdlnJ3sWvlXHwWgm534RVl3vf8C7FlOhks97z+xZgzt48dYvN58/dnbE6Y5Miix6ZdikQo1MUBQAAAAACYBALIKIAEAEYo1gNkZenk/Vqyz2vozTZBiqKqRcZbny3rk0Vym5pfDL25SuCoycJtPnfxNbDzyKml9FToNTlNTjJ7K6Li1ldXzfJ+BJgpZHFnhY9Pi5JfC7iaKqQcHezXDeZMdWKc5bW1JSW6aspd9ka9Wqoq8nZFGnrHQhLZk7eeHMpJW1+VaeB0dGlHe2+Le9k9GjGN2klffZGY9YaXuPa8bklDTtOWUuhy2sr9w0n25SNNsRxGQxEZrotPsJb5EKqtaJSrIvVpGfiamRMRlelaniKkasNh5Wad+tqz+BrU227yd/kY2DlebfLLz4mrTkdPFhPLi5uXKfGXpfhIngynTkWIM3ci1FkiZXgyWLJQlQ5DEOQDgEFABRAAmAQCUFAQAAaxRrAaxkh8iOQSzNO4Z1aEopdJdKP5o5271dd5yujcSnxO3qHBazUP0WupQ9mrtS2eTVtpLqzuu9GPJjvtvw56umljIxqxs27dTsyPCYXDqyaVv4s/G5Rw2LUo5FilgPWvPd2/Q5PD08c/01adfC3/WQ7E0SRlTluSa7itS1cpPNrPsRap6J2PZl8Bb10t77+asRtbLIbKtYi9TMhrwst5RFFWrcxtKY1RXWS4rSEKeW98uZi4enKtUUnzLzple2zoxNRu97z8TVpSMXS2Pjg6cKk/Y9ZCEn+ypuyl3PZv1XNSlI6uL6uDn+7RpyLEGUqTLNNmrFbgyaLK0GTQZKE6Y5EcWPQD0KNQ4BQEACYBACCgIAAxrFbGtkhsiOQ+TIMRVjCLlOSjFb3JqKXa3kgkyocbr3hfWKnZ2aU7Pk+jY0NIa7aNpJ3xlOTXCm/Wv/AEX+Jy2jtZIaSxddwTjGEKKgpWvs/ibUmk2k9prusZ8m/bWvD94raA0klN0quUvg+z+h2GHqxjxsjidZNEP24ZSWd0ZeC1qq0uhVje3G9nbrXPrOXXu7d0y9vVeszr5XTFjjU7K55k9bHJWh4Sf0IZ6x10uFivtrT+SPVKuKilvOW07p1Zxpu758jl56Yr1F0pu3JZeIYelKbzQmKLlvwuYdSqO7u2zp9G4TZiVtEYFJXaNlJIipxmnMekejt6Oq/wALpy8KkL/C5W9HWnHicP6qbvUo2i775Q9yXdbZfYnxNPXGO1gcQudKdu1JtfI8m1c0s8HiYVluTtNL3qcmtpbuxrrSOvg7x04PU/fb3uky1TZn4WqpRUotOMkmmtzTzTXcXqTLsFuDJoMrwJ4EieLHojiPRKEiFGoVAKAABMJca3bN8DmNJekDRmHezLEqTX7uMqi7NpLZfcydIdTcS55dpf0x0I5YTDTm/wBqq9iPdGN2+9o4/SXpP0pX9mrGiuVKCjl+aV5fEnQ99r1Ywi5TkoxW+UmoxXa3kclpv0kaOw11Go68uVFbUe+o7R8G+w8Gx+lK+Ie1XrTqPfecpSs+rabt3FKT5jQ9H0l6WsdNv1NOlSjwydSS7ZSdn/lOK0xpzEYqW1iK06kuG3LKP5Yrox7kjMuMbJEnrDV1T0r+jY2FR+y36uf5J2V+57L7jEbCEmncizc0mXV2+ga+HUo2fccPrDoVbV0rHbaKq+spRfOK+KTQ3SOCUovLz1nneK9bXujy6noaUtxs09CSlFJ8DpMJhUnuNjD0ItbibkrjhHK4fQtt5s4TAJWVjWlRXCwlCnn9iF5E9GnZDak7E8o2RRxE7ecyIZXUZOs1X+zVv/HP+Vr6niry8v6nrmt9XZwldv8Ad7PfNqK+Z5FPzw+x2cM6ef6i9x6f6MdYlOP6HUl0opuk370d7h2rNrq7D0ekz5ro1pQkpRbUk0002mmtzT4M9J1W9IzVqeNV1u9bFdK3OcFv7Vn1M1sYSvVabLEWUcHXhUip05KUZK6lF3TT4plyDKpTxJERQZLElB6HIYhyAW4AAHzvrPrzjtIXjUqerpcKVO6h1bT3zfb3WOYbuI2NLoOuJcQQBWxooMBsmA2TzFQDZISC+Q5oIreB7pqxO+Hp/kj8EjbSuc5qjiY1cJSqQeTVn1NZNPrTOmoSujzs/L1uO9MrEYa0rrL5fYZGTi+RqYulfNGfsPkV2to+nJtF3CU7ZlWiuovN2W4J0jxEzNmtqVi1U6W8MNSvN9RaM8nHekx+rwSj+8q048Pd2p8fyo8ql58rI9L9MOKX9noq105zeauslFXXe/Bnmj8+UdnFPi8/mu8yIfGVnfkMj58/YXzwNWTptX9asTgJfgzvBu7pzzhLm0vdfWu+56vqrrzhcdaDfqaz9ybVpPiqc90uOWT6jwinPJEiZGh9RRJYniOq3pHxOFtTxF69Lddv8WK6pv2uyXij1rQOnsNjobeHqKVvajunD80d67dxFiWuhwxDkQFAAA+TgYjYhdBwmQjYADYog4CAcmNmrMAHXHxpuSdrZRcs2o5LN2vvfUs2RplrAJydayb2aEr2hGdrzhFuV/YXS9pZoDo/R/rAsHU9XVdqNVq7/dz3KfZuT6rPgey4eFj50sehaga8Kjs4bGT/AA1ZU6j/AMP+Cb/Y5Ph2bubm4t9x1+m5pj8cnqNaGRQq0b8DUqWcbpppq6azTT4p8iKjS2rnG9DypUaeZLiFwJoUulYPV7TELFeNLIMNBK785F2VNbJxmtetlOjSxFKhJOpTioylGUFsVaj2acVGXt2d3K25Ra33tthjbdOfkymM3Xmmuuk/0rG1Zp3jF+rjaSa2YNptPk57bVuDW/eYDXn/AIJHlkuCS4cO0Zbzkzuk0823d2Tz5uOXnzcRed4r8+bEoOg/mSIhi/mSoB6kWcFjKlCoqlKpKE47pRdmu8qXHXA9d1T9KMZWpaQSg8kq0F0Hw/EivZ7Vl1I9Lo1YzipQkpRaupRacWuaayZ8tRZv6sa1YrR8r0J3g/apTu6cutL3Zdaz7SND6KA8p/6uz/7KP/tl/tAjSXkYMbcS5ZBbjhsR1wAViCNgJJXI3FokACODzLuhqaar32X+BJra2lmqtJ3js+9yvlzK8YX4XfzfBIvWeEqYiltpu06DcXk7VIuWTV2ug1u4kCqwaJbJx2lzs787cPAj2SRuav64YzArYpz2qf7uotqHXs8YdzS5pnfaI9KGEf6+lUpPi42qwv1NWl/pPJG+YmyZ5cWOXlrhzZ4dSvd8NrzoySb/AEtJvhKFWPziJitftF04/wB52nyhCpJ/JL4nhNgUCk9PjGt9XnXeay+kmtiIulhYujB5Obf4rXJNZU+5t9aOZ0g3ToUaN3eV8TNXpyjtVFs0tmUekvwldxb3zfdDofCxqVOmperpxlVquCi5RpQzk0pNJ3ezG38RXxmJlWqTqTSTnJyeylFXfBRWSS3W6jXHGY9Rz5Z5ZXdVJPN58fO8b54Dnvf25Db9fxRZUeeAefOYX6/j9gWflMB8Y3t4klxsREwHIeiNDgHjkyNMcmBNtdviBFcAKrGgAD4gAAKIAAIwYABc0Z+up/nh/MiCfty/NL+ZiABZj+qX538kQAABPiRoAAkiNkAAT4f9VW7Kf/1gRAAENX2vD5DoigACR3Pt/oKACjYigAf0HxEABY7+8VAADgAAP//Z','2020-09-09 17:04:00'),(14,'Shem Tov Heavy','data:image/jpeg;base64,/9j/4AAQSkZJRgABAQAAAQABAAD/2wCEAAkGBxASEhUSEhIVFhUVFRUVFhUWFhUYFRUVFRUXFhcVFRYYHSggGBomHRcVITEhJSkrLi4uFx8zODMtNygtLisBCgoKDg0OGxAQGi4lHyUtKy4tLSstLy0tLS0vLS0tLS0tLS0tLS4tLS0vLS0rLSstLS0tLS0tLS0tLS0tLy0tLf/AABEIAKgBLAMBIgACEQEDEQH/xAAbAAACAgMBAAAAAAAAAAAAAAACAwUGAAEEB//EAD4QAAIBAgQEBAQDBgUEAwEAAAECEQADBBIhMQVBUWEGEyJxMoGRoRSx8AcjQlLR4TNicoLBkqKy8RVDwiT/xAAZAQADAQEBAAAAAAAAAAAAAAABAgMABAX/xAArEQACAgEDAgQGAwEAAAAAAAAAAQIRAxIhMUHwMlFhcQQigZGhsRNC0cH/2gAMAwEAAhEDEQA/AIvBjQV3oK4cHtXeteYywaimqKWtNWgYNRTFFAtMWmMEBRqKEUxaKMEBRAVoUa0TBBaICtCiFMY2FogKyiFE1moooFZRAUQWaCikcSuOtp2tgZwrFZGkgTrT3cASZ+Qk/aoniDYu6CqAWF5u8M2Xn6Rouk7k08Y2bVT4soz4gz510u75xBdlylhtA5KI5da1+OVEchlNx29TTPMlkAUSe50EED357Chmd7nrCqVQsBqzfCcu2mjQT/CQaj8e4D5E20iGn7jTvp1rqpLYaeRt/LtfRDluoXEhZGkxpJPxEDf226Um9bYQW57T/T9cutbss2ijXsNR9PlVkwnhy9cQNJUHcakCP0dBU55IwW4+PFrt9SrLaJ1ie+n65VI4e1mBOkDntBqYx/hG8BnVhpyOhgdTz/tUSt0W0NtmzFiC0H0jLoMxG8dqnHIp+FldEYumjqt4iNjEcx/Shv4md99devSa5sJbkjX0s0T9P+KziNlrcBuYEEHQxofuDTpKwy1aLRJXAbmHVoHoLDvAE/kPtUWly1mHmB8v8QUgGOmtaw2MGRx1j25kz7gRUbfultJo0JPIpVfNHsnCL1h7KGwB5cAAAREciORrpIqg/s54oVdsM2oeXUzsRowPvpV/YVzyVMi/QURWR2rYrZoGFEUJFNIoCKZBFEUthTiKBhWMJIoYppWhiiYrWD2rvSuHB7Cu9a5mKMWmrSlpq1jDFpgoAKYKxglo1oVoxTGDFGKAUwUUYIUYoRRCiAJaIVoUVMAwUQrQohWMbJAEkwBzOwqreKuMF7LpZVoaU8zUAkwsIee/2+sleuvima1b0tI2W7cI+MjUpb+0nbWoHxZdHmW7IEW7CFiRJiBoNemnuYq2OPzIzaS3KxxW2qIiqRLKQXBIICGHzTvJ59SRrFQiLqSP0OtdPEFYhruytcKqIjRdY3/rUrgOEDy0dh6jDdoLAAHtqD8zVMmRRQceOUnb9yQ8LcKKBb72ywLAHeEXcse+wHc16LaxVpbakkAkgQZGrELC5gMwE7iunwhbTyDqpIHqjYe/9dqgf2pYu3bsqFX947ch6oMyJHWMse/QVwaHmludTl/GtiB4vimxt44e22Wza9Vy4IOaJ0HIjQ76aE8q58dgLVtQmX0jXqT3J60+/wCHLmHw+VHYXWAFwCcpLDUCNIA01B7RNQXE8feyMLqMGBKyIyjL6dYmCWnX2plu0oPZd2NF0rlyRV0hWJUwQdCNDp3rq4lijdVWbXeRrIfmZ76GflyqJu3QSYp+EbMjLvEOJJjTQiJ5z9q60iOurS4F2FmQN8yjfeZpBaD2OoruuYcLazDm/wBkAP8A+x9K58aQzTpqAdNNgJ/rVCVnTwzHizetXRpkuqSd/QdHEe0/WvZyteH4aCCCoPQ8xHavWvDfFvPtDMfWoAbvpow7H+oqGVdRiVitURP/AKrUVIwBFCRTCKA1jCyKAimmgNGwiyKGKM1qiEquC2rvSuDB7VILUCYxaatLWmrQMGtMFAtMFEwS0wUC0YomDFMFAKMUyMEKMUIoxRQpsUQrQohRMbFRPFsWz3Fwtlwtx/U5Gpt2hqxjqZAH+qpdaiuAWZfEXzHrulFga5LXo/PN9qeK6mJHBYa1h7eS2AqqCd+ZkkknUk6kn3rzLjOIZzcWQTdZYgz8bsxMdh5Ygfze4q8+KsVltZIkN8ZJAAUdZ3nkPeqn4aZTfEkDyLbssD4r11goAHRWZYHVarD5YubFa1SUQOIcMD2cHhkckvmuxyAIMnuxj/tjlVi/CJ5dlipyllDcgsaer5z21pNi0Dic5zMuHu2sPmA1gK1t2jkM92flW/FPipLV3LhgrIsq8yUcjeNRPuPvXFJSlSXdnfaTddovnDLOHMG3lHZY+Zy7Ej+k7CqD4pttc4iFzBreFAuFmgA3G9SqTpJAg6TFV4+IvLuC7Ziy0zlglCI19Q1y6DQgnoRtVkwHiLDYi0UuKFuscxOsFuRzDbWTBg61WK0Qbok1qlR043iBAOYEHTnMmYG9VbirAHMRzk+8Rt1qTuBnfIc0Wl8y4xg+n+DUEy3KdCda5fE1kKcnOSPppXPjjplR1trSU7FqpkgDc/czWYL4o66HsDMmfaf1pWOmvzrTuNx+or0Y7Hny5DxV30hZ1GadP12FJj076akf81l9PSrDYzvprrPvTMMjeWzRpmC/Mq39j8qo+RFwd+F4NcezbvWiIZ/KaT8LFoUnT4SCv6NeiYHw6LKoqsTlWM0lXBj1EET6SZOUgjWor9nuFz4S6jj0tdP2VRI+Y+1XJRAA+Xv3rnnJ3Q6EYcMPSwHZhzH+Ydaea21CakEA0JomoDRSMCaE0RoGohBNLo2oKwSsYPYV3pXBg9hXelQJjVpq0paatAwxaYKWKYKKMGtMFAtGKJg1pgoBRrTAYYogKEUVFADFbrQohRRjcVG+GgEtNbLS1u7dDydZa4zgn3VlPzqTqH41gHAuYiyxW55TBgBIuKoJGn841g9+dUjvsYrWKuHFYkEyql2fNmXL5FiQwAGvqiP9x6VG8Gv2kxBuXbpVLbBxlnM5Vi2RYP8AMZjvWzxAG5bCBgqYcKxIALBgHZjuGBYfMSOdN4Xh0cX7pTSzZuOi7jO5YJ7wffUA10y8LJp/Mi2YIAcMxF24mc3czEEAybjFyegyjXtl7VWcZwMMguk+h/Up2gnUBumm3yr0fAYNPwaWGA1USPf2/W9cmM4Rcs2XRrbXbQU5XVc7FY0S8gE5hA9Wx1JyzXmRlzR6N1yeLY+yyk+8xy/9VmAsRdVWO8eoakFln666jrU+cKLt4q7hiTGhDN0kxtV44d4OsAtir/qElktj4Y01c/xDTYSI5wSKu81KmB4kpWUdeKLZt+Uwulrt5SxifMQEBRlIkzrABEzXNxfidy65JhWE6fy6mcwk5TJ1BMg0zxVxJnxTurQRIBG4BBX0nlodxUCtuBptGw27D+1NjxppS6k8mRqTXQJu5Dd1/pvSrjCNJ+dDrv8AKm2rDOQiiWZlC9yxgA/M/nVyFj7NoOiyVQRkLGYGUl8x7n1aCkpPlRp8c99V/tUqmCRcPmzg/wD9F1VHNraLGcD3n/qro8FYHPibalQcouXGB6AZAY9yBtTt7ahFs6LL+zS+TavLOguBgOmZROnISKuNUL9m2Hi5iCD6VCL7+p9fkBHzq/CuXJ4iseADWjRUJpUggGgNExoGomBJpbGiagNYILGhmtmgrBK3g9q70rgwe1SCVAmNWmrSVpq0DDRTBS1pgoowYpi0AohTIwxaMUC0YogDFGKAUYpgBCiFCKIUUYKiAnTrQ0QomPNcVasq19GkMr/W0tuCojnMa85Brv4YGtEWbgjObdsR8Ot4OI01JAYmt8dtZMTiQQP3i22QnSG0Uka7QX/6O1SuIxRuJbZVC5IJJgyFVLhgdioHvNdU94N+hOG0vsW/zB5iroNtp6VKX+IKEIB17VA4UkuzEycpEiYGkaNXNibF1P3rLCzEAkkTpnKge3fX5V46k09j0krA4bcJxLIzboxGbYmRoB1iT8q7PFGM8qww/iKad9N45VEYm2FP4kXFKp6hlPpfLrv+dcfi7jdu6hcfEyKFQghlBEajlRhHoUlLezzXE2z8R1k6+5rmdR3H96l7mGGs8zEcye3eo7E4Ur0gbwe/2r00zgfmJs2STl2M/wBtTsBVptYe3g7TElbmKuhTZVBn8rQhXBH8fqJB7aTM1xcF4c15XJ0W3bZmY9YOVRPX8hU74Q4fcd1uZFCWgQJHxXG+Jp5kDSeVCTNRV34a1kJ55Im25CH4kUyqyOUnMatn7O7Iz3G0zC1aXuM73GM+8L9Kg8dd/F4q7Cybt1LFv/KqkKWn5ZvrVw8E2wLV1/5rrieWRIUazOnq+tPPwImvEc3gO2qnFJpK4llEdAI/4/OrbFU79nLg/iiCCDezA8yCJkj6feriajPxDx4BNLY0ZNLelGANAxomNLNYxomlsaJjQMawwJNBNYTQ1jIr+C2FSCVHYLYVIJUCY1TTVpS01aBhi00UpaYKYwwUwUtaYtFGDWmClimCmAEtMFLFGKIAxWxQiiFMjBU6xZLGNAAJZjoFUbsT0qvcX8RpZIRFNy4XW2FBgZm5TzqH8ccabDAYVbv765bU4i4o0AbMfLXeBrpG0HfNNJr6R3ZRY3zLY1xXFrjMWbVgSFHl+YPh1aMzciBtz+No79lxBaAKyUVXaP5hmTKYBOphSdT8dVrwFc0eDlAm4xkAt5as1ldR8IZXOm5YHUqsXnF4UCV1INoqNDEoBzI051T+XS1B8cP6hUP7ex38Nva5dIUgEyPUIBU6mdVKn51PZ0ZSGEgiPlVFwrsmVsuYFVWQY1Am3MgaasknbINJqU/+VUZkZicgEkd5AIOmmh2nfauNrTwdC3E8U4ZbtJfe0/qvZVtqZKBgSz3Mu06AT3PTSh4vF3bjIL6AEeksgOpBI1BOnv7VZfE/EUtfh11UBrjsJk+ofxdTP/jUJisbbKZgR11idNY710Y1snQs5t3bOJn6KdG3I5ctKSqKwZo5HTqe3ak4ziKgEc/0ajbOKIMTpOw684NdCiyDaLxb4Le/CM11/LRUa4LSbsVBM3m3O3wj866MNjPJ4T5itqbZy7aM7ZVHuJpXhTjS3LbYK84+BltuSIZSCMhPUTp29qrt3iBOAtYRTL+cQ0agKLjBdR1bXuBQSsDdC+BFbfrmAiXDmIgl1XWPYvl9wKtwvrguEhyRmdCRuQz3iXA+Wb6CovxHwhWvYfAWdBkVSeYANw3GJ6wSfeKkuJ2beLxtvDAD8Pglz3tTlmIS2ANNANe2YVSfQmuo3wHgDaVxt/hBgd8xsq5+7H61ajXNw6xlDSILNnYd2A0+UR8q6DUXux0CaWxompbGgMAxoDRNS2NAwLGlsaJjSmNYY0xoZrCaCawUQeD2qQSo7BbCpBDUGSHLTFpS01aBhq0xaWtMWmMMWmLS1oxRRhi0YpYpqKSYAJPamAwhScZxCzZjzHCltFXUs0mBCjU66Vq3YvXSwBNlFiTlBuMSQoVCfSskxOuxqm8e4ReS6q20N4lvVcLEkwo0DbqkyYB1gdaR5I+ZWGFvkm8d4oElLIUEMFLXQw1I0CrpJ129VQGO4/cdAPxAa7JUFAVUeokwiKMzADcmBoffmxHB734lLfl+m4bnlFmlSuZbYb/Kon8q4cKlmzeAebjW2YZUMFk6KIicrHTvRVSXPqXUVB7EsmI8hlxN6XTDhUXIB+9xVwC4fUfhYW8jEnaVAFVTi19rjeY/x3ibhHNZZlVZ56BTy0NdvH8azqtloRbJLMhPru370F2MbZVVEgxAUDcwI3EqXdQsszKggCWZ2AhVA31IAHtVsWNKn331OfJkbstHg7h2K8tiLbKl+35NtysIz3LgQGdyoDOZiIB1iQfUOPcOe0Sx2AUhgCddZ9OkjqAZ3pvA7BfBWrbJkuWbSWmTYh7agKRB0BADD311BAlLWI8weRc/xI0P8yjcr0PMj/iozpyfn0KpUkUs3h6coQhxDKSxVlbfL/MsgmRqDOlR+I4RcLhcPd81S6oLZMMrZoAzDdRJ9tameL8KuYQs9kBrZ9TWzyPN7R2Vu2x+48/wvHLmHZsSpYnzWRQdIm2JbpOo+tJGEm3Qzaijk8U2r/nXFZvNCNlF1VIQwW03Me01EtecKJiBsOfX6VfcPx+xcwxvPbZSpyQVXKzwCSmpJ0IOveqPjlF64zWxpzMR9RXTik6pqqIzinunZHyWJ6mtSQe8mrD4d8L3cVcygGB8TcgTOUHoNCSRyU84qf8AFnh3A4G0tpRnxD65mPqI56A5UXl+ZNUeVLYRYZMotsqQdSDvP6+VdfDsa6IbYiPMS40gSTbMj1bjn9a5sJZLMUGvxD5Qda28W2y76+rvH5D86rGN7vgm3R6NwDiFl3vYy6VW6+bKrSClkfCqk7kgAmO1dfguyfwRuMPVfe5ebTcM23eVH3ry/wA5xIDMNCd/SV9udTPB/FGKw6KqvKqNEYSAo6f0mkmmNH0PW1oWqlcK8egwL1ghY+O20wANSUOsfMmrhZvpcVXQhlYSpGxFSGo2TS3o2pTGsEBjSyaJjS2NAKBY0pjRMaWxrBBY0FYxoM1AYiMFsKkEqOwewqQSoMiOWmrSVpq0DDVpi0paYtMYatGKWtGpoow1aiLnErr3CuHHqWCjZwAVYhGkEEayQD2IBmteKsW9rDMVkZsyZ4BCwpaDrzAgHXes8NYC5jbdjE4ZksOgy3LmVWDXrSAZDbUgkMFLksQIIAmaE7r07ZbGord/QncE1hrQsEMlvDsy3XW7/i5PQcw+J2JBgTz+VV7iHhvHIMUwuw968HTKxHl2mfM2XoQpA0/kqQwGGuF2/EW0sk3FPnI7sr3AwyjIdLeaRJ1Yx0mZPxPicVbu4S2iBvNdkuys+lEka7CRqTtINcUsspSqFfby3OmkqsRh8ELbs5cuuHssmdoJN6+3mEAmBKrl7CRMV57Yvqt241pUa5mIV9fRIaWUx6m1Ov0gDT0p7VgLL22vLJlndUtFiZbIjD1meftsIAq2BtWRiHFhALZvWJzIqsme6EvW84GoC+ogafDtmqmKSla9v33wFrr337lX/aTh0THNZtgDy0s2j1ZsiuWY8yS+9d37OrYOM8zJmFtgR2jaO8CoPH438Zjbt/YM73f9qyVGvaBXon7OODW/wy3XUEuc08/i5HeNK9DNLTGjixRt2X1l8u6LoiG/xI2yakEDmQTPzPWlcfsaZl0IIKt0bkRFSbKpkRpuo7Hp8z+VRouWyRacwSStszoSsHyz0OojqIHITGS6eZVPeyPTia4q29p1AvqIZD/ENvMXqp+xPtPmfjLw+1sm5ELP3/m9+vKrZ41Y2HW/bYpdtkQYMayMrdQdRB31reKupxbDTbOS7b/xLM6SdJ6lDrDD8wRWi2nqHaVV0PL7GNa2vl+YqqWLkOhZS2UCQADBMASBOo5V3YPj2HVCDaIM7W9Qd5JdojsADXRxXgDWVOYyVP19j1HWqtesGRkBII5An7CuhKE0QerG7R614D4tbTCXsTkCHP5aic3pXWSYGsltOwrzrjHFbmIvXb7MZA9PYZlAj2BJ+VO4VxF7NpsO4KnM2ZWBDK2xDKdQexqOwdvM5XlrPtsfzoRhTd8DSk2lXLBwOLNpGaPUwgHmBrmI70jFMrHMp5/8dPea6eLYE2L72TqbZCk8jImPv9qjVX866XK0jkWxI4XVdVzKNO4mdv11rQUQTGaNtIgazI+Zrt8NGfOtQDnssQNZLWv3g+ytSMXlS5FuSpPbYzEe4ipzlexaCpWJZQgDTICj08xn03+dWngHHLmDyofXhzrAPqRiASVk7dtteu9cxyKoFsGQSpzEEMF3gjqNfemlh5cSDlOxBiG7j/T/AMVJuyiS4Z67buq6h1MqwDA9QRIoXqs+D+KyWwxiEXPbPMr/ABg+xYfU1ZHNYVgMaUxomNKY1jIFjS2NbY0pjWCaY0E1jGgmgMRmC2FSCVHYLYVIJXOyQ5TTVpK0xTQAPU0a0paYppjDVpi0padbuIv7y5ORCpYKMzGWACqo3JNBy0qwpNukV3jNhfxSh77ZX9DKoUoEMKEIM5iWmegNSfgG9cS2xsKFDYsi6iZQAMoQouY6fwkA9qdb4Ar3FNlxdtQS7gjWUIXMCc05gvtrzri8O2c/4jD/AAPZxNrGC4Tp6HUEKB/GwtwTyEVyRyqaav1/J6MoJR2OnF44G8ASWwJW9avF5z2rlsl7dx2PqBgLB5ye1WDh3FVxeCuX4IS1duEj+IWVtB2E9SC4/wB1cfiXhVgW70OWS4LjETLm05zSJ3yuxK9jHOpPguGs/wDxgt4c5lvWXtsSIbOLTEEjl8JH0pYODu1x9vP63+iU72a4NeG+Bo2HbG4xQ9y6ubK4LW7NvZUVBsoHT331qm/tGixgraKpXznJQGfSpZjOusEIp119WteocF4tati3hnlSLdrISDldTbBnNEDUMK87/b08thx0Lz/0rH5mvRUIOUWn6P8Ae/2OeWSe9+69uNjyWxCn5H7iK9u8C3QMFanQBJk7ADc14ih1+Tfka9x8N4JxhbVtQGORWhjCiNQSf9QGnPWn+J6IGDhlnwV7zLefYozLBIJCqxENHwkgAxykVRvFniH0nJaDW3LDP5kNnUxsBofYmOcaTP8Ah3iU2i16PMLkFUBjKGImDrpsdZ071UPF/g68LtxsOQ9u6fhZzNskTkUE5SgJJHTOABvSJJ7Mp9SY4DxPD8TVbd7N56W4zT/jW9mzQACZWSIEiGEagcPEMB+CxAuIMoMlSNB3GnI9K7PBvhq7YtLcuAebm8zSDodtR2/M13+O7ofBtl1YHQcweYpZVZSBycXuWMThnuKQGX5wSI+lePW8Q9q5IMMjSNAYZT0IIPsQRXZwrity0xEkA6MO39ajccIcnqZHtV8cNLaIZJ3FUDcmS06nUz1NSXhhQ2JtodnYKfbc/lUWrUyxfNsll0OVgD0zAqT9Caq1aojGVNMPiuON/E3ru4uXbjj2ZyRHyiuUHf8AWhpdn25Uwv8Ar7Uz4ET3JTwrfCYrDs2wvKrDs7BGn/axo8VYe3iWsLm/d3CkLuchgEH2AqJw7wZB1DSD35GrHxnHZcbdxCnRgLgM83sqfzNI1uUjKkRnEcYXcvLNlMAsZYGdATziD9ay9dIHlKqjWWIJOsaCDtvyrnw13Jmzgkk/c6k/St2SczNz5An9TppS1Q92Hw3ips37d5f4DqOqnRh9K9f8wMAymQQCD1B1BrxxMKbjgKJZiFCjSW0A/P7V63g7Bt2rdsmSiKpPUgAGtKhVfUNjSmNExpTGlGQLGlMaJjSWNYKNMaDNWMaCaDGOHBHQVIJUdgToKkEqD5JDlpi0paYtAA5TTFpS0xaJhq0+3Zt3Fe1cUkOAJEEqFdWJAPOAdtRXOKdb4guHD3mj0W2ZQSBmcRlQTuW2jvSZL0PTyPj8SJXAYVWuJasX2QYZyqDTLlW3B8xR8YJKtJI1jrI4uAKl3zTfQWb1xGTU+k/Elq7HKQWlSeQ3qMtcaa2bTLkCsyNcOVluNdIR2VW2uoTKj+UFidBUpwbC28UfNxflyhv2l9YgoYi4/WIMcttq4VF2k6ffv5noPZN+3fBJYNLly1ZOJtZbzr5bBSQoW25EL1BjNBmcoqN8LYxrGLvYRxFsWrjjlDWrk7ncEMAD/lPWobxb4kYpg7tiQtm1muLPpZXYpoJmVKNrGhiKZggcTj7WZwGOa3dUHUWrloMrid1NwMR/q13qqh1fVfb0/P5J09LT77otHDR+KQhHJCxdtOCsoArLDAa8gMrCNDvypf7bL+Z8Kf5rbn6ZI/8AOvR+DYmfxM21stnuWVAAGdVdst2N4AaSex7V55+1jCm7jLFva3asZ2grmVTci5lB3IhRAnb3qvwsYxkt/O+vFpHPmk5bV3sUXwrwR8ZiBaXQAZnaPhQEAx/mMwB1PvXvnCsELRuAGQCoHYLbWB7Ak/UnnUL4J8M2sHb9Il3ANxzuxGoUdFE6bczvVmRYnuSZ/L7RXVKet30BCGlUcXELOVD5YXNnzEQBmJMtJgkSM3zINDgbyOSGUBxqO6bCesTHbMK6WtGdTVF8V8aOGxVo2jmgklBqSuzAnlI27gHlS27RRRTLq+IS3vtqfaTJ+5ry3xVxS4blxkP7oMMw5HuO81cOJRfRbqNmtXFkciQdPkw1HYivMMXYuz5f8p102InKx66x81YdK0N3v0DelbEPxe8ruzgaN6vcMJn61x3mLRpsIqZucM0MR16kDUwO29Rpt8vr/WuuLXQ5pxl1OUChc6fSmlY0NLujT506ItAWjvRJ/b2obI+2tbBIO/KszI6MCvqnQc+wI12+VHjLsuQpJAMAka5V0WR7AUfDAA095+hzE/YfWlZ/Ux1kk6/3qfVla+VB4phmgAwp5nc9Z+RPzoPPEDmZ07a/0j61pkZmJbqf/dK8jkPzH1+xo0jNvk7uC3mXE2T0up33YAj7163dryfw5anE2QdvNX/sYE/ka9Yvup1FLIyENSWNEz0p2pRkAxpTmidqQzVgmMaCa0TQ5qwxyYHYVIpWVlc8uSTGrTFrKylANWmLWVlMYYK4uLFmAtqmcmTk1hzoqK3+SWluy96ysqWaWmDZf4eN5EVriPDrj2Re84MFdw7IIztoLhtj+RVXLPUd6krt60RYuhLufyQ1u2i5VfUqxvMP4BAEDeecwNVlI3ap9G19KZ1rmPqv+otvHrowuD8s20bFlZlk/d5SyNcsyDOgZonnrXn6cRX8T5losHe0AmsQSZtqx6aQTygVlZTYoxerbi/w3/gv9U/N/wCcfc9JwPGMPh8xdjcvOPMADSAvmuqyCcpZRGgP8J5DSIxmIu4wtcYDcKgTR1Aa55Amf3kyTmif3pIGwGVlLigoq/MSfifoXjh9/PaRpG0NDBhmGjQ3PUEcvan+ZWVlW4EoieJ4uFO23MwK8u8U8VWW8q4k/wAWUEn3za6Vusp8S1StglJpbG/CniM4O9cweJabJuOoua5UdWK+YpP/ANbRqeWh01qy8ZwoBJgQdmG5HLXnWVlNmXDBgk7aKo6ZW7Hqfz7VE4yyqv8Ar6VlZTwHycEVjm9W2lc6/nWVldC4OKXiMtIRI7H+1Lve3WPasrK3UDWx0YF4k9FP5Rr9aVbaflr86ysoVyFPZEo1tmRbiZZgBu0zln3gj5UnGROdI3EjvruPrW6yprku+Ds4EoGJtRIGeAfeR+ZFehsIEVlZRFYpjSXatVlKFC2NKY1lZWDQomhmtVlYJ//Z','2020-09-09 17:04:00'),(15,'Meir Ariel','https://www.ynetespanol.com/picserver/mynet/wcm_upload/wcm_mynet_pic/crop_images/2020/01/10/534544/471542_0_0_1963_2873_large.jpg','2020-09-09 17:04:00'),(16,'Coldplay','data:image/jpeg;base64,/9j/4AAQSkZJRgABAQAAAQABAAD/2wCEAAkGBxITEhUSEhIVFhUVFRcVFhcXFxUWFxcVFhcWFxUXFx0YHSggGR0lHhYXITEhJikrLi4uFx81ODMtNygtLysBCgoKDg0OGhAQGy0lHyYrLS0tLS0tLS0tLS0tLS0tLS0tLS0tLS0tLS0tLS0tLS0tLS0tLS0tLS0tLS0tLS0tLf/AABEIALcBEwMBIgACEQEDEQH/xAAcAAABBAMBAAAAAAAAAAAAAAAAAQIGBwMEBQj/xABGEAACAQMCAwYDBAgDBgUFAAABAgMABBESIQUxQQYHEyJRYXGBkRQyQqEjUmJygpKxwTOi8EOywtHh8QgVJCWjFhdjc4P/xAAaAQADAQEBAQAAAAAAAAAAAAAAAQMCBAUG/8QAKBEAAgIDAAIBBAEFAQAAAAAAAAECEQMhMRJBIhMyUZEEUmFxgeEU/9oADAMBAAIRAxEAPwC8aKKjvbbtbFw6ASyAu7nTFGDgu2MnJ/Co6t0yOZIBAJFXGvO1dhE/hy3luj7ZVpUBGcYzvtnI515v7SdrLy9fVcStgZCouUjAyeSjYnfGTk7CuGI8dMUrA9gW9yj5KOrYwDpIOMgMOXsQfgRWWvLPY7tZccOlLw4KPjxI2HkcA+3JuYDe5zmvRfZHtNDfwCaHIwdLo33kfAOk9DsQcjb8wCwO3RUX45xq4a7Xh9loWXwvHmmkUusMRbSmlARrkYg4BIAAzvSz3NxYRT3V5di4gjiL4EKxSBwdgCraW1chkDfG9MCT0VDra34xNCJzdQW8jjWtv4HiRoDuscshbUzYwCy4Gc4BrlcS7b3DcKmuI1WG8t7hLaZCNaLL40cb4zzUhwwPy3xQBY1FcntXevBZXU8Zw8VvLIhIBGqNGYZHXcVFIu0l9bWdvxG4aK4tpIoZJwkRjmgEwQ61wxWRVLbrpBxvnnQBYNFQi/4neyX9zBb3EaLFaxTxh4g6sz6wQxBB0nRzB2z8q1OF9s7i4l4MwCxx3yXJnTGfNBGWGgncKWBPwIoAsKikJxUV7G9rTeSzxumjBE1tnnLZsSkcw67vG59gy0ASukdgASTgAZJ9AOdRLi3aCSzv1F1IosZ4nMchAXwZ4gXdHbqGQMVJ3yCKThvFJ24fNeXeyyh5IotIBitmz4SvjdnKkE79QNuZTYEU7Tdp5prh486bQkYDgR6tGA2dY3XIJxjr12AhnaG4DgeCcqpYeU+UA9MYB/Lliu74k3GZ47aPMdtCNTsMawGON2/FIxB35bMdyN7L4d2MtYkVBGulRsMfmc7k+9cTUpStdOqLils85NaNkEjSD1OcZ/tXVspJAChYgsy438unfLAj5b/HevQlz2atnHmiU+2Bjlj+lQXtd2LiRCYRpAG45gY5EelObcV8kEFGX2shHD7phASZ3VFOoGNmWRW/awVyQTtj3q4uwHaRbu2BMivIjNGTkam04IYrgYJBGdgM/SvP1801uTE3JgM7feHX3B/11ra7J8dktJvEgbTqCq6ljgnkpIz5lBJPqAx9zVMfx2uE5q9Hp+iuL2T4s9zAJX0ZyVIQk4dPK4PzB5ev17VdCdqyL0FFFFMAooooAKKKKACiiigAooooAK869vuISX/FJYoyWWNzBHk7JoIWQjpu4bfqNI6V6Kry1wG6X7YZXOFMjOx5AanO59MZNYyOo6NwVsnvCe7BHOHuHA3zhVJIy2B5thgad8HfPtUg4T3S2YUm4aWRmyQocqsYJyFGndyOWScHGcCsfDu8HhytvK43x/hvjngHOOXWp2vF4DD44kHhadWvpjGa54N18i+VU/iQDjPddZkaULpgeXBzvgbknJNQnsrxB+E8QKSkhARFKMnS0TEESgciV5j+IdasqTvC4dIzBJJGKgnaKTBA/V23qs+86dHnjkQhkkjDKfUZIP5Y29qUHJToJpOF+y0OK+JZcTN/4by2tzbpDM0StI8MkTEo5Vcs0ZViMqDg/LL+O3kXFra5sbYSnXAxEzQyxwiRWQxoWkUZJO/lB2VvnIuzDubO2LnLm3hLH9oxrq/OunXYcpCuEdukWFUu4LmK6RQrwi3nkLuowTEUUq6sRkHPX51G+OcIuE4VezTRMJry9iufBVS7Rx+PDpQhM6mCIWJHr7Vas8wUZP8AzJ9hXFfi9yzER2yhf1pJNz/CgOPrWJTjHpqMHLhyu0HaCK7sb+K3SdiLOYZaCaMFnjdURfEUFmJzyB5fDMfN1Ld8Jt+F2sExle2t4JpZIZYobdVSMSlmkC62GCAq5yfhvNrbjMwbTNb4H68bax81IBH51243BAIOQacZqXAlFx6V/HwOOXi1zFKspiFjboMPNGj6GfUrGNlD7MuVORvyo7YGO24jwhxE6wW63YbwondY1aARxjTEpIycAACrCorRkg3arj5urVILVJ1N7MLUO0ToUhJAnnIYAqApZRqAJPIYFc7jPAp+HNa3yXE9ytsy27xGOLItJMI4QQxgsVIjYA5+7VlUUAQnvaiWXhp/RmXMtuwCoXOPFQsQACfuavkTXa7bSBeH3R9IHAxtgkYXHzIruVw+3Eatw+6VuRhcfMjy/nilLjGukG7p+I2tvAWnlSOW4lLKGOkeGoCRKCdgMDIBP4s9atNHBGQQR6jcVVdnw+6a0WH7LHLF4cICso1uXjDO+dQ0aThdifvZ/DhpP2P4fNY27rMcqDmJM6mXAOUyNjyGCMZznA5CEJNb9FZRT50kl7xKCHHjTRx55a3Vc/DJrk319DKjPHIsi7hipBGOR5fGobecClkla6vi+EDS6YljbCJvzk8oUcsHJboKLvtiksbLCxkZcgBlCyAbqUkC+UjqGXY525bzytzjdaKY4qMukO7TWQfUi48QMSuT03IH9vpUF1nZsYIP5g9fepJx2+wSzZ1SEqPQKNyf6AfOozdzamJOx/F7kdfjW8CaRnM02Xp3OX2pGUYxJ4khAcsAUdAAA264WRV3JyU51ZlVZ3B2TLbTysBh5QEO2fKo1j1xnTt65q06vFUiD6FFFFaEFFFFABRXN4zx62tRm4mRNsgE5dh+yoyzfIVAuNd7KoNUMQVDnS85OXwcHRHHliP2sgDrisuSQFn0VRj99NweSIPfwSfyNx/erF7E9vba/GgOqzjnHuCwH4kDc/cDOPU86dgS6iiimAhNebuznABNezw6wUWZgHGCrKHbQw9QwwfnXo64j1Iyn8SkfUYrz8tv9j4kYoR+jOnAO4wR064zqxUsr1RbEt2SX/7buzv4so8IszYXSMj8GTo1Arz5n05VJbHg8f8A5cLUl/BYt+I6tGotjVzx/auhJef+mcl0VijhS5wobSdOT6ZqBcHv78rGpu48a/uvE4Qhjkhnz5dmGk4PTlvXK5WunSo7Nw93k0co8B18LUpBKRhlG2o+IuHJ2yNseYg5GBUa7z+CvG1tGo1OxkVQM7u5Q4AHqx/OrsuZSEJXfaq3uIzf8QiicN4cSOzFSVPn8vMbgZAGR0PvWvKpWY8bRa9lBojRAchEVc+ukAf2rKTWKzgCRoijCoqqB6BQAB+Vc7tbdmKzmdeYUAfxsE/4q7LpWclbo5k/EzNIQn3VOB7+tdy1iGN6rHhPaSK21eKsjMQDhFLYHqTyz7c6l3ZvtzZXZ8OGQ+Jj7jKVb35864o225SOueoqMTu3keBkUzh11vg9T+Z2FcbtL22srRhHM51n8CqWb5gcv+lavDuOwzhzCWBC6tLKVYAjY7078ZWhJXGmTeisdvLqRWH4lDfUZrJXacgUUUUAFc/tBZCa2liPJkI/uP6V0KxXIJRgOZU4+OKTVoaNNuIRpEZnISNFLMTyCgbn4VxeKdprNnSJLmNpGIIXVzBPTpnnS3FzGtqyMVVHTQ7OcKBIuCPc4PL3qDN2AsCNcVwZSMYaN0ZkUgBSBy2O+429q5LTjTOuMKlaLatsPGp5hlB+IIz/AHrj8Q4TaR5kMaggbnJ6ZwNzy8x2962LGeNYUjjfV4SKnPfCjSCf5TUA7e8bkCMoHMb+n+tqU5JpRRmEHbbIh2qtYADIMaQ74X11Z2HuMg/LcHNQe5QHzKemSMAY6bb7+vIVlmuZJTpLMQWzgDOW5DAHM9PnWMQEAF9umk5z/wBKvCPitk5vydno/ulRBwq2KDGpWL+8mpg5+o+mKl9RzsBw1YLKFI3JQoGA1CRQxyXMbDmjMSwB5Z6chI6quEQooopgFaPG+JLbQSTvuI1LY9T+FR8TgfOt6ol3on/2+RdOoM8YPsoYOSPfy4HuaUnSApTifEmkMl5ctrYt5VORrY50qP1Y1x9Bgb7jH2T7HXfFZGk1BUBw8rDyj0RFHPA6DAArCLD7VdrbK36OHyu4BOSD+mcDn5nyqr6aRVyQ8caxjWKHh7GGMAbTQh1B6suf786h5KOvZWONtWcWLuWtQnmnmZ/UaVHyGKg3avu+nsj4sMhdVOoEZWRMHZhjqPUb1efEeNFbJ7pVBIjLhc53xkDbnVV8T41IQDd3UhlkwxgiARIlLYXVlTvnnqYbgjG1Y85XaZRRTXyR1+zXe/EtrEt3qadVKuw/FhiFY4GMlQpPuTRUKm7IeKxkVgoffGnr1+pyfnRVllRL6bPSFVf3tcFSJI7xARpkCyHbAVgdBPXGrA/iAq0K4/bG18Wwu48btbzAezaG0n4g4PyrcopozGTTKt4DxBbkDMj5UBQE05zuT95Tn/tXSimXVpP/AJgu/wB4uShO2dmU1U3AuOyWzFk/EB8djnb/AF1qUy95cxTTpI9x8/8AX1rkljmn8TrjmjWyaX/GFgjeJZyclSM4BAbZuW3UV0O7O0LvPNp8nljV/UruwG/Lzb7fP0pG94q80pZRgsdgN+deju7qz8Lh1upGG0lm/eLHNbx4qeyWTJa0SSof3k8VWOAQtG5E4PnH3EZHiKhz01atv3cdamFQ/vUIHD5WIBwMDPQ5DAj3ygq8/tZGH3EZ/wDoyC7VZNZDA6tJ3QnfmMjpjrXU4Z2Wt7Sa30oDKuwkwdWkls6mJJ5yEZPsOQGOL2C4xkYD9ckE9D/2rP21aO6eNk8RtGQpWVoVL41Lg5ALAgbkkex2riUtU2d1Xs6PF+ysN1LcHQBMxXU++rAxpUN+EeXoPzGQnCOzn2RJjr1M6SHHocEjBrW7FTrbGRXaY+KQwaVzIurJ2B3AOWAOMDYbc6x9pe0WjWpJ1MrKAP2gVz8v70nL1YePSxODXkckQ8JtSp+jJwRuoH/T61vVo8FgCQooGNht8AB/at6u+PEcMkk3QUUUVoyFIRS0UAVephk1JLarM8OdOqMSegIwdunxrkyNw6Qr4cBtpQT54DJEVPLJU+XHsQak3GOMLw25lMqMIpj4kcmCV1NvIpbkGDajj0IrV4v2ysZofN4eWG/IEZrialG0d0Z2kce44stv5lm8XCBS+AhPmJxhds+/tUH7Q8cabVk7cq0OP8TRnbw2JUHyjfFcRpia3jxe2Snl9GxZ3vhknQGyMcyCPgQa7vd72dXiN8sMhYRhDJIU56U0jTk8skgZ57/Oo8tq7YVEZ29EVmO5A5KM8yB8xVz9zPZa8tZpnuIfCDRqN92JLHy55DGkMcZ+8u+xFX0QbfC07O1SJEijUKiKERRyVVGAB8AKzUUVsyFFFFABXC7b2rSWM6oCzhNShRkkqQ2ABzOxGOtd2tLjHDkuIjE5YAlWyjMjAowYEMpBG46UpcGulZd3PCYxZrowJGLeI/UkEhfoCKknDexSLJrkleQZYhCxCecY+6ObDLHXzyd84GNJEFhM0cjLpnd5EIPLGAA3ucc+RIPLlUg4dxlWVnY4VevsBufrmuC6k2zsabiqNXj3FbWDMdzPHEGU6QzDUcDOVXmcZFaXZy4gvLZJBiQDyZIIxjBAKnlsQf6VGO0HHhNcCVNcRA2CR+NLIoyFYoOSZO/rgjO1cXhl5fWjO1uk5ibzsssOxz1ON1J+Xzoe1o0rS2T67eEORpxg46DlRVd3nG45XMjEAtuQSQQcDY79OVLU6Y/JFxcc4rJHIFQeUKCxJCjLE4GplKjAXltnUKqzvK7W3qsqR3LKjLhgmgAk8xqQnO3uKwd6nau4S/nt4nMaxFBqTyudUMTHzDzdeWce1QBoZ5mDvrcEjzHLY36npnpXqNas4DVeHBxS/ZWzgDJPpUzteCa1B05wcGupwabh0La5JkGkFtlZs42yMDzH2HyqH1G+Iv8ATius5vA7CCwjF1fA6nOIo1AZ2wMkgEgADIySRzHqK5PH+2txJqEEk0UYywBfzDGWAGnZRnoCc/DatLtdx5r24MgBWNRoiQ/hQb74JGonc49hvgVy1TbFVhj9vpOc70uHsCM5APsKJEDDDAEHmCMiq/7ve8a3nhiguZfDuVUITIQFmI2DK3LURglTg5JwCN6sKtEzzVcWz2PEXtg2nwZToyTgxHzxg/FCvzqwWWFwPs8kEMj7uwiRydtyznc5x69PSoP32IV4rJ+3FE/+Up/wVCEu5Bydh02J5VzzwuTtM6IZvFUy7uIfZYYTJL4TypyZYwja8eUnH3tiM5zUT7vbE318qy5dF1yybkbDZdx6sV9Kr572Q7FifiSasbun4rPas7/ZdaTBBrZ/D0opOdI0ksTrXAOkeXnRj/jyv8jll8tRRfaKAAByGwpaxwTB1DqchhkVkroOYKKKKACiitPinFILZDJcSpEg/E7BRn0GeZ9hQBHu9ePVwq6HoI2/lljb+1eZmarg7d96trcQyWlvG7pIMNMwKKADqGhCNTbgDzBfnVSJbtI2mNGYnkAMtj1wKPFtj9GvW5bThRhI9TttqbfGeQVfX3P0ro2XZ0n/ABWC4GSFIJA33Z/uINueWx6VuvxO3gUpAuo8i6Ern1Hinzt8Fwp6EVT6X9RlS/BzLKOeGVZW1r4ZWSQZKt4aOrMGXnjbkR6V6xRgQCDkEZB9QeVeUrji07oY1IjjIwUjGgEehP3mHsxIr0H3YcZFzw6Ak+eJRBJvk6ogFBPuy6X/AIqU0lwFZK6KKKwMKKKKACiiigCH94nDXkhRlHlifxGI5hQpz8Qf6gfKA2faRc6Qcoc6x/bb4/l74Fw8Zu0igkkkBZVU5VQCzk7BFBIBZiQBuNyK8sXd4DIxh1BSxYKdmG/LY7/KubJhuWi+PJSLat+0MnhukYiTc4bGo6s6cnPoNO/piuTeX86q4kn1Y8uAMK2wO+TzI65HP5VXCcZmXIDkZOfnWE3jtzYn/mf9Cp/+eXtlHnj6RnmlBYnfn60VanYvs9HLZRSY56+meUjr/airJaI+RXfbXiRuL+6mPWVlXl9yP9GnL9lAfnW/2G4PK0+WVgGXZdvNgggsM8hjmepqP8Mg1yIpxjO+eWBuc/0+dWF2auZQZpT5YlDxg7hnORrIHIDICiumdKDbIxbeRJc6yRNwclPAQoTITqzq0rGxK8l3YknAx+qdxtVSdp7a3jmMVrKZVXZ3xpXVn7qeZiwGPvajnptuZj237UNFD9igbEkoDXTj8AYZEQPqQdzn7uB+Lau1GKxihSHKTnLy/QirinqCSAASSQAACSSdgABuSTtikra4LxCS3njuY9OuJtSBhqXOCPMOuQT7+hBqv+AH8U4XPbv4VxE0T6Q2l8ZKnODsSCNj9DXX7P8Abe/swFhnJjH+ykHiR/AA+ZR7KVrB2t7UT8QmE0wRdKhEVAQoGSTzJJJJ/pXEp0B3+NcXbiVy01y6RuwCRjGlFRSSqavizHUx5t6YA1ZeydwCRpORXJqed3HHQC1vO3kVDJGx30hcBox1Oc5A6YPqKhlxz7D9Fcbi3UjjN2EnS2kupSFVFLBerEdKyW/a0p4GFGEhCEDYFlUqBjGSThDnPLOc9JR3h8ZlQva/oxkFSiszMoIB/SeUAZzkKCc7EnGzVsq+Yn5Z+AGcV1Y8c8cbb7+v9BOai/gXRwLvMt47PSTmdFbSjCQK2MlAzqjDLewIBO/rUXvO97iTbIkEXuIpZOvqzgflUISYDlWN5C3M5P5D4UOEbsh5Nkrm7y+MagwuY8D8Iii0n4ggt9DVsdhe3Md6iLIUWcg6lU+hONicjIwcb9a89qT7H5f9amvdfweKe+jZmZfDy4CnBZ1wVB2+4QGzjB2A6mlKMa4NS/JcHbvtF9gspLgAM4wkankZHOFz7Ddj7Ka8y8a4vNcyGa5laRz+Jjso9FA2QewAFXX38S5treHVgtOZPiscbKfzkWq37B8RgsrtJ54fFXOnVjUYdX+1RcHUw25b4LY32MVwZwYrEwtG91E6RyBimtXUuFxuoBViMkDOVG/Pat1+0KKmiKEL1wT5c5/VQDUcdS2fjUo7+LhTfogAykI1EHOdTFhkY2PzPTlVbZrUcjS0JxNu74hJL/iOWxuBsFB9lUBR8cZpsdMjjrNrxyotsY7VXb7H9qZ7CcSxklDgSxZwsi+h9GGSQ3Q+xIPBpaQHqzgPGobuFZ4G1I38ysOaOOjD0+fIg10a8y9i+1cvD5vEQ6o2wJY+jqP6MOh/sSK9IcMv47iJJom1JIoZT7HofQjkR0INZA2qKK5nH+P29nH4tzIEUnC8yzNjOlQNydqAOnTZHCgsxAAGSScAAcyT0qquLd9MQBFtbOx/WlIUD3wpOR8xVe9oe295ebTSHRnIjXypnpkD72DuNWaVgWN3j94Vk9rLbW7maR2VTpDBAqurMdZGDspAxncjpmqfS4jwmoDyOyrEQWURumNeeWpSMk4yxbO2KLCzMrFVKghS3mIGdPQZ5n2rVdcEg8wcEe4rNpujRmNnrjzHqZ0YiYkgoqkDQwIBwoKuGctjdMYzvkXhZ/SFMssehtRXSSrrqU6cnGRvzrS08wMjPP367+tdbs9fkSeExOmTCnJ9BpX5AbYpTbrQ403s7nAe8q4s4EtkhhZY9WGcPqOtmc5wwHNiPlS1D+OxabiRRyDECitR4hPTOj2biDTHJAAR2OfQacj3OCce9S3i/aWGC2ihTEj+RnXPIgA+fA2yQNuZ9gQTA7W7aPUUOCw056gbZx77DesFUnFSSTJJNSb/ACqMk0rOzOxyzEsx9STkmkRSSABkkgAepOwFNrr9moAZdZONA2OCcM2QCcdANRz7Cszn4RbKRVujU4nYeEwXVqyNWwxtkgdfY/l61rV0OJxSt/6hlIjkYqjZX8IGlSAcg6ccwM7+9c+t4r8V5dCVXoKKTNFbEJW3wu6aKVJFxqRgy5AIz7g7GtSnxnemnsDevblnYksS7EszE5OTuSSeZO9a6pgYp2jH96yRRE7nYf1q85ObtmWzGq+vL+ppzH2rJIN6wSNWOCGlqnHc9MRxGMfrLID8PDZv6qKghqxu5a01Xusj/DidvrpT/iqcnoY3vd4j4nEGTJxCiR46ZI8Qkfzgfw1x+xnZd+IT+HyhTBnfOCqHOFX9ptJA9Nz035PG79ri5mlGWMszsgHMh3PhqPlpFWdxPweEcGnijk1XMw0M2+80g8NzGcfdRVcj93PM1FtI3RUnbDi32q9uLgHKvIdBzn9GmEj/AMqqfnXKjWmKvSs4FIQ/NFZr6/MpXyhERdCKABhck5OANTEnduta6mmBkFGaBSGmMQmpv3Z9uWsZvClbNrIw1g/7Jjt4q+3LUPQZG4wYORSUhHsEHO4qkv8AxAXmbi1hz9yKSQj/APayqp/+JvrUz7muNm44eqO2XtmMJJ5lAA0R+SsFz+waqnvivfE4tOOkSxRD5IJD+cjUgIcDTgaxA08GkMyUU0GlzSADSQyaGWRdypBwfUHrS00r1oBGzxZ/ElaRcYfDcxsSoJG/ocj5UVqFqKKK2haWkFLVCIV2YR4dqx/X5ZzzfK+mPuBzzFcdEJIA5kgD4nYV1uNy4CRdFycbjYeRRg8sBT/NUsm5Rj/e/wBG46TZzWlYqFJ2HL1x6fCsBk9aeaxutW5wwOU08Vij51kpoBaKSlpgdG3iXYtueeOg/wCdZHkrVgk2waWR6umqJtbHySVrMaRmpuaw2OjJH8ce/MfMVZnYWT7Lw7iF2cAiIRxnOxd8hMH3Zkqt7WIscD61Oe0FyIuBW8SgD7TdM2DjJjizk7dfEVDjpmpTehrpDuAQs93bxxjLGaLSByGlgxO/RQpJPoprsd6XGTLOkAxpgXcKMed8MQTkh8DGGG3mOOZztd3lpAkF9xC6/wAKKF7dAMamlmXDBM/i0sqjp+lOdqgRYsctzO5+PWo1crKXodGKcaKQ1syNp603FPSgDMKMU3VSBqYAwrHmsj1gJpMC3P8Aw/XmJruHH3o45B7aGZW+viL9DUG7x0C8UvAG1Dxic+7KrFf4SSv8NdvuPuWXigUcpIJVb4DQ4P1UfU1EO0c/iXl0+c6rmdvkZXx8sYpAaApwNNFFAx4NOBrGDTxSYGeWMKQNQOVBOM7E81ORzHXG1MxTVWn0gG6aKdRQBI5BwqcHw2ktnxsr7oT+9kqOvMjpWtd9lZ1TxEaOVDuGRgRj646cgajvhUsLPGSY2ZSeZRipPxwd6wsc4/bL97/6b80+o6NlHocPICAu/wA+Q+m5z7Vr3Uwd2YDAJ2HXA2GffA+tNFxJKypJK2CQCWycAZx8eZ+tZ+J2ixPpR9SkAg4wd+YI+Oa3FfK30y3qkalIaU1jJqpkctPpimslNAJSnlSE0jHY07AeDRmsSvTtVHkKh9NeXHTNMBJOB9axyNk7cuQ+A2FZc/wFGZZnbyjUc7BUBJJ9MDdj9al/eUDD9isTztbNNftNL55f91T860u7Phon4laowyok8Q//AMlaQf5lX61g7b3yz8TuZH3Q3DIfeOIiLb4rH+dZYzJ2mvjHa2vD1Y4jQXNwNt7mcGRVProjdV9N/UVG4xTru4aWR5H+87s7fFiSflvSCkgHUCnfaGClAdmIJGAdxyIzy+VIopgJinLSGgUAOpBRRQAOaxGnvWOgCye4SxL38svSK3I/ildQv5I9V3d58R889bZ+Oo5r0B3HcLWLhqzacPcSSOxPMqjtHGPhhcj94nrVJ9tOGm2v7qE/hmdl/ckPiJ/ldaQHGFOpop1AwFPWmCnrSYDxThTRThSAWiiigZiopaBVaMhikpaaTQAGsZFOzS0gGx1lFYxTwa0gA1jkrLisLGkwGhTXUHDGXIYjONhnJyRt/wA65yNWVZXxsfb3rEot8NRaXTqXUUMMBQeaZ8DP6o/F+WR865Ihp0URzk862EG/+v8AXLNbx46WzM5W9E77kbf/ANwaQjyx20h+BLRj+moVW0kxc625v5j8W3P9au7uYs9FhdXJUZYsin1SJC3y80jj+EVR8a7D2A/pSfQHIKdSjlSUgHqKWhadTAQimU5tvh+dNBpAJmilK0mKAEesTtgZ9Kyup9Ky8PtRJNFE2yySxxsTsAHdVJJ6bGkOmep+xth4FhawnmlvEG/e0DV+eap3v+s0W9glXOqWAhx0/RthD8SHIP7q1fQFUB39XmriEcfSK3X+aR3J/JUoEVuKdTaWgYorItY1rIKQDqcKaFJ5ClFIB1FFFAzFS0lFVMgTTcVnuwgc+GWKdNWNXzxtWKl0BpFIKdRQAUoptOApoBTWOTGPf+tZBTZ15GmwNet2FcAfCsca1mBpwj7Ex1PQcj7gH4H/ALUynxjIYfsk/wAvm/oD9a2ZPQfYTh/gcHUE/fimmz7TF5E+iso+VeaIvuj4D+lennu1h4H4o3CcO1D3xb5H12rzGi4wKgbMtJS09bgqrJth8ZyASNJyMEjK/Ln1oGC0uaQGigAJpoGeVBoQ7j40N6HFJtJmxBCeprZSIDkKaprLXJKbZ72DBjgtIwyjancGsRNdQQnlLPFG37ryKrfkTSSV2u72MPxSzX/8xb+SN3H+7WsbOf8AmLTZ6Zry93nXvi8Vu2zkLIIx7eEixkfzK1eoa8icd1/arjxAQ/2iYsDzDGVyw9966DxzTopBS0DHLWQVjFPWkwFLEfdJB3GxxsQQR8xtTlFIelKKAH0lFFIDHRiiiqiExRiiigBaTFFFIBKcKWitIAJprnYfGiikwHxCslJRVFwyOWskL6WDc8EHHqOopaK0IubtVceF2ZRc5Jt7aEH1BaND/lBqiFpaK5zY6kpKKQGQUtFFAxpprUlFMDowisxNFFcb2z6KDrHaNeSZfWux3eTgcVs2B/22k/xo6j/eooq8YpHk/wAjPKemenq8n9tLvxeIXknrcygfBHMa/koooqhxHHpaKKAFFPWiikMdThRRQIWloopDP//Z','2020-09-09 17:04:00'),(17,'Arik Einshtein','data:image/jpeg;base64,/9j/4AAQSkZJRgABAQAAAQABAAD/2wCEAAkGBxITEhUTExMWFhUXGBcXGBcXGBcXFxgXFxgXGBUXGBcYHSggGBolHRgVITEhJSkrLi4uFx8zODMtNygtLisBCgoKDg0OGhAQGi0lICUtLS0tLS0tLS0tLS0tLS0tLS0tLS0tLS0tLS0tLS0tKy0tLS0tLS0tLS0tLS0tKy0tLf/AABEIAKgBLAMBIgACEQEDEQH/xAAcAAACAgMBAQAAAAAAAAAAAAAEBQMGAAECBwj/xAA5EAABAwMCAwUGBgEEAwEAAAABAAIRAwQhBTESQVEGImFxgRORobHB8BQyQtHh8VIHFWKiNHKCI//EABoBAAMBAQEBAAAAAAAAAAAAAAECAwQABQb/xAAmEQACAgICAgIBBQEAAAAAAAAAAQIRAyESMRMiBEFRYXGRwfAU/9oADAMBAAIRAxEAPwD1y1roh9fCUgOMYRgt3FPRmUn0hdfSTsiLGmTEhFPoRvlFUoAwEzYsce9mvZeC6YzwXRettekL0jYaucdF0HLS5hBqtWCu23IlB3hMoEViCszybGUWWQFY50JTTvsLmrqGF3lH4s3f1ZSuV1WrkrhhUm7ClRG8JXqFSAmVUpHrFTBXRjYJSSKxfPJfAEknAR92TSptbGSDz97o6cvFb0a3Be+s4dymCPEuOIb4pbfVHuc947pmOsN2Ak7c+ieqFTtAN1dmOHnzPPy8ECawbJ/VETvHgwfVaqMj168/4Qzjnx+8meaIy2Th5OZPkibai5x2nzaB8lLplkXd4+n7kp1bWAmCcb+Z2+/NK5FliF3AWEHhA8gIx03QFSsA4n5EfLqrHqFIcJzHIc/RVurRk8s9BHouTA8dGOuTzEjo4R8is/GUzhwk+ZBH7j1UItXZ+UTKGr0jP0RsXiTXDQfy/PPlkLkWzsYM+X7LdpRcT1H31T21sTEuZ4Dl8Bug3QVjbF9q5zdyCOYIn6YVp0W5YHN4cEmMDf0Ss6e8CeAH4/2p9GouDuIjA3AHLminYJQcez2XSq5dTbxAgxzEIspfotZrqYAOw9c5TDkrrokYsKyFi44jW1y4qF9ZLYGdVgldemJ2lFmtK0WShyQklYU1olTErnhAXRCuckaeQsbCx7VgC4JvCxoCzhWNauONwttAWBqwBLLoZEFywJTcsg7JzVSy7YscuyqAX1YQlS4U9wzCBdTKAXZ2Kkrtrlwxi7ASnEdRyRay8J5ValV5a8WNlbHKiOSDYHZvP4Z2P14HIu6/EeUFVzVapaeEbc8QTO334q639AMZSAGImMZc48wPBVLUbficSTJkAD159B+yLdsMY0khA+jDS+N9ufqpdG04vyQm/aLT+BjG8gIPiYz8ceiO7OWoFMKU5UjVghyYVYafIgmAM7c/6U7rR/URylNrO1gTyU1Szad5UORv8aKpcWpcYOQP07BQv053LB++SuzNNpk4XTtMbMiPNNyYrhEordJdzLiPAAT/AAsboGZiPiAr3+CaFs2zV3Ng8cSuWGiNAHXnsntvpDScnCLbSEbLsuDUrkNxX0dv06mBAEclWbmgLetIEtO/P08CrJ+JPMSkHaCpJBieRHn9U0ZbJzh67GenXvsnjhJLCcTtBPXp081cqVZrtjK8osbwupESeKm4t9Dlv34K36DqPFGdx+37LXGR5jVFrXLyubV0sC6eE7YASvUS+pWR9w3kllZqjJh4mNr+9TCt95QHCVLwlLY3EsZWytFYthIwrAVpy1xIgO1jVpq64UBjAsK0FHX2Sy6ORBc3IalNxqLUNqrjlVe6qulY3bLJpFoN41R1Llngqk+6cOZS6410jmhQ3Ivra7SuoVR0nVuKMq12b5CB3ZpzVH7ITtPkpqhUfHGxXABe0fCCwwdgBnwSPTrTifMTBn3bfEqzalQD6THOkkcX2ff8Un0uuGh53PXlMzHzVEAU9qW8TgwbNAk9TuUbpDA1obzj+0mvrwcTiTjiknx/j6p9ojeIT890mXo1fGWxu10BbNRcuYQNlE2iT/RWY3hP4iPuFj7pDusHmTE9M/uoBbuByCEdg0E/jOpXTbnxQdZhAULi4jx9VwQ+rcHOfVAVL5xwCuBb1DAOPM5Xf+2O3kfFcBndOud/LmPeoNUJiV1TtXjPTZdX9ueDxTISfRV9Ju4rVGfpqAjwkZb8fmrx2eMN72O8D7wRHxXncxUHUEZ9V6RoJljeciI8WnOOeFrieTk7ZcbE93wKletW1MNY0DoFt6pLoRAN0/dBvzlFXIQxP9qDHBicrftD1+K05ROcOfzQoNllbVBXUKv0L3ITihcytxlUrCCgHVu8jiVALbMo2GSb6J6TpCkWgFhSsoYVy9krklbYVO7OF97pwcEoraMFaXjCAuQkkkgopOp6UIKoGs20Fep6oZBXn+s0JcVJDsh7PU8heg6ee76KmaJRiFdLMd1Kwo6qyoUUQo+FAKB9RqAUgJweLx6YVdFYtY7zDvhwj5p5fHuERkGc9Cc5VceJcWnmJPhER8AmTGrVlbvqh4qbP8ncR8t16BpTYAjovPrYipdg8s8I6Abfv6q616xZTkHZLk7SNOB+rZYKl5TbuR7wpLTUKDvyuzzXndWq97d4mcylN1d1WDBHnICVQKPIeyPrNHMQh6120D9l4se1FyMSfQymum9qqh/OueNo6OSLZ6M6Dn+Pkt0wPf6qs2+skt6yoLvtBwjOFPiyzmqLtTc3/j78qdjW/eF5PX7YPH5R6qA9q6zti7yj+VRY2RlmieuvfQG7xPmELqFNvCeF0heYWupVjHFkdJVg0/U3TwHptvhHgJ5LEGrVeG5jkf6XoPZQ8VJpO7T8/srzftP/AORT8Tnylek9i6TuAA84+ZVo9IxZe2eh0x3R5Bc1Cu1HUKpMRAFwUMXKe7KGJ3UWMRHzWwfFZCyELGoAp27pTG0qkJg61jkomUVbkzPwD6LpCmah6IhTcSpGWhqJAVolcBywouRwPWnktUHwpHU0LW7qk3Wzg19YJVd3PJLrzUo5oB2pKcpWViia+IhUzVAJKf3d7IVZu6nE5KgSYx0huytVuMKv6JTwFYDVACDONOcuS9Qe3BKw1UAoEvncuR3SCvUDOIc+Bx+H9ptqVTBS3VbcudxMBLowOZad0Lpo1Yo84SRV+zbZuWnlBHylXvULbiZjdUrTWezuKYgjffx2B8l6TbVREb4QyPdlMEfWjzbW7K4cOAdxgG4MSq5a6K4Pmr3x6nPjK9kvrRjxH9fyq3edm3zLZ+CaOSjp4bPPL3ThM02wu7W0qSP7V3HZWq78xgJhS7PNpgcI9UzyCrCyfslogqUZO+R1Va7fWRpPDaYXp3Z21LaYHySHtdYCo8Y25qUXTspJWnE8Xq2lYmOKPX9lPbWLwP1cXgXeivVbs41wxg/VDt7O1Rsceav5DP4RFp9jdbtM7Q1xmVbNKo1HPaXt4TEHzzzRGkaU5hyfmrJb0hP5YOJzv0/tTlMosdHm/aKiTdNb0APvK9o7I6cWUw93NogfX76rzinppr373cJ4GuDJjEgbe9ez0Gw0DoAFeBjyJ3Z0VDVKke5BXNVGYiBLyogzWHVcXtx0SurdRKkOhv7fxWCuPBV6pfbZWv8AcOiVjIvr7gLbFXbeu4lPrR+FRdiTVBIauwFoLoEKyRM2sWLEaOMAS7VcNTJJdcrDhOUkujmyh63fEOOULa1C8wFJf0mvcU67O6e3cpeIOYM62PCfJIKttByr/dWzQCqfq4HFjkhVHXYXpdQNC1qWoxzSd91DUlub+cShxEc6LVY3XEjqlRV3R7gAJv7YQkktlIS0d19RqAjPEBGHQR6oqxvGOJLQA9rSeERAOPy+9JrrKVUbw06vEDHv2Qq1RoxZOErG1ayDnOqRDic4gY2RVC5geK5dqDn1WtIAaWFwyD0AwNt9kJc4JIUmn0zepJu4ja3uj1TizrAjKplG6go+lfHqlqiqaZZbmuwCDsgLDUKb3loEhuCeUqt6nqBIgblNOy2tW1Njbd8B5kuJ3c45d9+CZKwN1pF102qCMJTq7GySd8rk6vRpYaZ5lRO1WlU77nAcJnKN6J8Gm2JqF5Tc4xMgwQeqMFRv34KrdotQpuritQ2Ih8bSDg+75KehqUjdBoeMkWNlVsgg/D3rTbqXj3JBSvMxKZWDXPcOES6CGjqYx5IxRPJIc9knA1XN3BPH6yr43ZVPsro1SkA+tAdEACDHiSFamnC04jBnkm9EdYpZduTGrlL7hqMyKYjvOaR3Lyn97SOUmq2xOUlB5CpxKwPhMDZFQG18EA2W62oQQnlsMJLb1pO6dWzkyFuwg7IOrXhHOGEtu7UkFWQk/wBDu0veLmjxUCSadYOafVMHsIXNgjf2Q6lqQYDlUPW+0TciUZ2oFTMFec6na1JJMqa2LNsas1UcSsWm660NgFeW1ajgVulfuGxKehNnrNfXQ4HKV0qXGSeqp9hqBMSVcNJriN1ORWDvsW6pbFoKqldxDleNZe0gqh39QcRRg7FyKmMrW+gJ3ZXkwqW2om9lcxzXSiLGVFpq1Rwyq7e1oMhT3F+IiUrNbicgo0W52WLRLgmAdwHQYAwY3hMqxkeYlKtDe0vLJ73A5w8xy90okXG/gZHlzUsifZu+M6i0DCQ6FJUqwMLuuIdK3VZtPgp0ak6CNJsZ/wD0f6fugNd0trzxD8w2IwpqmrAHfG2FHVvOLb3orRzdlauNRqsMOk8sfULtrqlfu5DOgOSfFH31i45iVLY2hYM4JVLRJqT0GWVqxrOAjzSytTdSdA/Kdv2R1zfho72EB+J4y3zQO5UMGO7sq79iLUl/Ef0j4nA+qqdKlgDxXo/ZW24KIPNx4vTYLl2SyypD9oU7Qh2KZpV4GNm3NlQVKMolaTVYBPdWnggzZeCe12ocpWjhM6xHRB1LITsrBUhBVAJU2OgCyBkKxWjVW9LrAwrNanCb7JoLC3wrgOXLrhoTchiYNWnNCBraqxvNLbntKxvMIOaO0HXumtcFV9W0BsHARFbtY3ql9ftK13NJ+wLiynar2eycKrX2kuZK9RdeMf0SHWabYRjJiyivo88Y8tKeadqZA3S3UaUHCholVqyPQ6vdSkHKr76slT1yUvcVyQy2FMKKp1IQNHKbW2jXD9qbh4uho/7QubS7O4N9IGqVpKmtubowPn0TV3Zh1MA1qrGzgAS8yeXIfFLbmqKdT2bSSwgtnqeqRzT6L4sEk7kgbSNSLKzXl0Q7PiDg/Aq1Va0O8viCvPK8td97JxbasS1p/U0cJzuORVVDyQcV32v7X+/AzyeOak+un/TLoHyAPiudTrd2Eqsb/iG/h+yJqVeKFjqjepJ9CWvZ1XmQSB1hQPo3gEBwcPDmrWx2Mfwl1257MtGEVI7gvyVcXl1TP5SD4SpKDbusZ2HU/wAp0ddfzYCsZq9R2A2Anv8AQXivuTOKHZ97hNSoXdBsPOFNbW/s3QU304uIzJKlurZoI+KTkw8UtoY6NbGrWbTHM58BzPuXqLKYaABsAAPIYC827F61bUrr2dR3DUe2GE/lydieRMYXpbin4tK/yZMk1KVL6JmKVqHY5SU3KkSLJV0FyCuk6OI6oQtRiMeEM+EsgpAdVAVXZwj6xQL25/tRsokVjs/XJhX6xMtC8+05nCYV80l/dCrNJMzYnaJ7urAVK17XeCcqya5chrSvIO095LylWxpujrUO1DyTBSSvrNQ80vqu8VESnpEbsKdqDydytt1B4QrBK64EaOQ0oay4blS3GscQSAsMwPgi7XSqrnAHuAkS5xiPGNyldIpGMpdHFzW4llFp3gx1jCs2l2dvxinSp+1cMuqPHEAOZ4Tge4+avNpVpcMeya4f8hMjnA5DxU/L+Ea4/CbW2eQ1ApdG0Gpc1OFsNaMvqEd1g6nqeg5r1d+mW9X9PDMktBbOCJ3nEIh2j0KTPZik3gmYkuyeZkjkh5HQ0fiJPbPP31KdtDLcDoahAL3de9yHgEztiQ0PmTM5EmfVBa1ZUuMmnA/9YLfUAn3rA+rwASAObpn0ClJWa4UtEt7eB4DqkAU3B0dWwQ4AjnBn0STtHatLeJvD3ctcOY3RFzTGxLifAwJ9UvZU4QWbgYGZx/CaKoWeyu31UPdxeA+WUGCQZR17SDXY2Of4UHBIWmLoxyjfYx065kSNxv4hNKGpgEE+qqlCqWOn3+XNMH5zyOyvLGsqtdmeOR4XT6L7QuWFu+6l/DteMlUC21F1MwTjkm1rrojJWOWNpnowzRkrLC/RqZKkoaVTGZSP/eARuo6mrdCUlMpzgWmi9jOeELf3gc7hbz3PQKvNvXHrKnqtLKFWpOeF2fE4+qZR2SlO0Vq6u+Kq94/yJHkDDfhC9n/0w7YOuW/h65HtGjuO5vb0PiF4QxNdIvHUqjKjSQWkEQYyPJb4xUlxZ5k207R9S0wpWthKuzWqC5oMrDHEO8OjuYTeFm4OLplE1JWjFsOUFVyj9sg2MkFvqIGvWCiq3OEFUuJU3KyiiSvq9PqoIn7/AIXPF8lEX/ZSjNCSkzvq2WtbhYqpbnITmu88CpkdszYlSFPajVMESvK9VuS5xVm7TXJkqnXLk0ELLbI5hcOeoalQqJpJMDc8k4EhjSOwA3TGhbjmOI88w0eZAkoB9pUYIA8yPpnZCtvH08RjpzUpSb6NmPAo7mXLRa9vT776AcBuGv4T/wBoJ9CvQNFqadcU+NlCjw85aOIeEHJK8YoXvGAAfPP0RVPU3UHcTOe4O3ulRppmv1a10etX9raU4DAxrSciGjfyM+8hJ33jKbJLu7zHyE88dCV5xc37qzpc4unadh6bDPRapXAGCMclziOpaodaj2meXH2YIHIyR6w2PiUMO1N4f1zHUcvOUqu6oLhAwuqJG55/RMkK3bCvx1R5JcGzvicnc7p1Yagx4lwggRjafmq690d4bIi3uIMfHwQZy7Gt3VaHSCAAO7gnOcz1VevKgaAeYiOchPGv4toH1/ZLa1MkkRG+PmhFnTF99Ta5nENt+SUsdBCZMqd91MjBy36hAVacGOitEzyX2QXDMyFu1ueHB2Pw8QpqmQMR4oMtVsc3F2iGTGpKmMQ4fldsdkJc2jmZGQo21OXuTGwvP0u2Wz0yLZh98T0AUrgo2jWU+qWlJrQ4GHOMAcvEk8uSCpggwRkLLlxcHRrw5VNDyyflMO0lfhtS3/ItHxk/JKtPrAEKLtPecTmM/wARJ8zt9+KhFexom6iI2boyjuEM3dMKIhb8UbPNyyPR/wDSbWzSrGg93cftJxxcoBXtIC+ZtJqFpa4GHNM+n7r6H7O6j7eg13MAB3mj8jF6qYvx8ns4snuUruK0SmV4kN64LzZdm1ENW63+SH/FH78UvvLmPv3IYXKWitjk3Kg/EpZ7dStK6heQJpdySRlPby6HB6LFiLJ9I887QVZJVYquWLFWJFgrmymelae7h4wJcfyD1gu+nvWLEuV1E0/FipT2Wiy0t7WEvgSMTvjePVJb6+pmWuY1wGJwD6H91tYssPZ7PTn6rQhr2ne4qJ/+djj5qT2nEySJjf6LFivZBpLr7NWTpB5Zn91Lxb5WLFz7Oj0iNsFd+2AA+9t1pYuOJGPnHL6LtrYcsWIDEdW8d+Wd/ojW1uJpndYsXNaAnsW39tPeG4yCuARUaHD82zh9VixMuhXqRoUhHgg7igR5LFiMXsWUVQG8LTXLSxXg6ZkyRTQW6pxs4CcjLfHwRFtV42gcMvZ6EtG/qPl5LFi0TVxM2N1NBdrRJIhp9xUVzYVXGq97S0CeEnExgADmIWli83m0z6H/AJI8W2xbRyj6DXSFixethWmfN5+0F24e2oAQRPnsnn+n3airb3bJquNIu4ajSSRwczHUb+ixYnnHX8koS3f7Ht91qDHtDmuBaRIIyCEivrkHmtrF5PZ6EtOisX9fxQ9OqsWI0BSC7Zs7pkyljZYsXUCz/9k=','2020-09-09 17:04:00'),(18,'Bob Dylan','https://images1.ynet.co.il/xnet//PicServer2/pic/20122005/39918/2639080-66_735.jpg','2020-09-09 17:04:00'),(19,'David Bowie','data:image/jpeg;base64,/9j/4AAQSkZJRgABAQAAAQABAAD/2wCEAAkGBxITEhUTEhIVFRUXFxcYFRUXFxcXGBgXFRUXFxgXFxUYHSggGholHRUXITEhJSkrLi4uFx8zODMtNygtLisBCgoKDg0OGhAQGy0lICYvLS8yLy8tLS0wLS0tLS0tLS0tLS0tLS0tNS0tLS0tLTUtLS4tLS0tLS0tLS0tLS0tLf/AABEIAP8AxgMBIgACEQEDEQH/xAAcAAACAgMBAQAAAAAAAAAAAAAABgEFAgQHAwj/xABCEAACAQIDBQUGBAMGBQUAAAABAgMAEQQSIQUGMUFRBxMiYXEygZGhscEUQlLRYuHwIzNygrLxJDRTc5IVQ6PC0v/EABsBAAIDAQEBAAAAAAAAAAAAAAABAgMEBQYH/8QAMBEAAgIBAwEGBQUAAwEAAAAAAAECAxEEEiExBRMiQVFhcYGRofAjMrHB0SQz4RT/2gAMAwEAAhEDEQA/AMqKKK8KfRgqagCpoAKKKKAJooFFAiaKKkCkIii1RJKq+01q0cTtDUZCCuguNbk3/apxrlLoRc0jfIotWMctwDrY/wC371jOzqbgchx6n+hQq5BvRnRQJgx4fapK1FprqSTyRRQKKQyKKDRTGFTRRQIKiiigYUUXooAipotRQAUUVNqBBRRU2pARU0UMbAnoKBNkiqzam0mjIVVufzdQDzHpVDlxLykr3l730YXt6Xqx/DzOVWQNcag2sfcbj4XroQ0m2SbaZldznwlg1Ud2J8V2vcE/L042+FXWzNlkh82g0YeRvqLeoP8ARrLFxCMKXCg8L2IJv6/StbEbXIXwiwtZvdbXT3fKtu1eSGoccGxi8b3ZAB004efD5r86htqK9lOmoB9OfvpVlxRZ9WAHnw43tfpxrCbEm/Qj/b6VLuyWIofWj7yzJYDr8r/KqTErMstu8NrXNr/CtDZe1zcKbkclH5mNtD5VYIyklppgL8VSx5Xtfh7viapnV54E4+hbQPmFx8evpWdq14cTDawBPDidQPSvSC2trW9dB+9c6dSiWRkzOoqaKoLQqKmigCKKKKBkVNAooAmiiikIBU0UUCCshUVNIRixsCelK+1tqGU5RdVHQ6n10qy3nxvdxWvYv9BSxgZ1Jy5WJPTjf7V0tFRmPeMyXTcp7EXGwoZRfJmAvfgLfOtnG7SlU3Y6jmuZT8Rat/CxmJC2ULzN+PvN+PrVDi8c0ji0qJ5sdPlW7GWXQWEWMKvKAziSx4nqPQDX31rthCpNm8B4qwOnnbX5GtJNqKrENP3n/aDoPjatXF49dcmcHzbX3ggVLYyPeL1NPaq5W8JuPKtTCMXYJfU6L0vyFeeJnvfXXp/OtLvLG/A8jWuEOMHPuvSlwWBxJUkag6gjhY8CPlXrFij10FV2PxGZy/NvEfU8fnessMb03BYyFeqlv2oZtlsWOr5R68fXX6024Iae0CvIAW+lI+zYiTddfvV7h8dLFr3ZI5635+Wq/CuXqqXP9p0N23ljI1qxrTwe1YpOBseh/fhW7XIlGUXiSLoyUlwRQamiokyKg1NBpgFFFFIAqaBRQIKmg0UAFZWqBWptebJExHE6D1OlqIx3SSISlhZFTePEd9PlW5Ci2nzPxr0wEJjHgNmP5uHw8/OtA4lYyT7Rvr0J6VM2Kb2zYGvRVw2xUV0MdWG3N9S2nlI9pyx878fIUvY1lJ/3H1rTmmYknifU/Q6VikZOljc9PtV8a8c5IT1Dl4UjZhkYXyW+FeU4bmPj+1MuzMEIktlzy/m/Sn8Nx7TcL8haq/a2DKm7W9evp5chSVi3YG6nsyLk48rV4AGt+f0rxK62rSpHKsp8XU8XS5FWOBwLnh/L39K84MLc6a+XP3U0bBw+Ugg68x+/SqrbcLg26PSZk5SNnY+zGH94vh/Vy/8AIV67Rw8kRzRSH04/LgaYMTDZDJG2RudgCP8AMvBh7qTNp7SYkhgFPVbhT6DhaskcyZvlJMstjbRDvqgB/NYfPypkrn2B2gVkV76g625jnXQFYEAjgRpXN18HGSY6JdUFFTUVgNJBooopjCiiigCRU1FTSEFFFFIRIqq3mH9gSDax/l96tRS9vpMREgH5m+gJ+HCr9LHN0Uim94rbFFAAbnUjh0HmT1rXna51N68zJc/18a2tkYRppgii5JAr02Mcs5kZZSii33c3blxTWQWQcWt9K6DBuDHGtwWL/f7e6m7dzZCQRKigaAfHrVq0dgSar2uXLM9mscZYgc1XY5S0aLme5vYaXHE/H6VXYjc2eV9QbnVmOoW/ADztXYNk4Jbd5bxPx9Olb4gF/wCvpRHTNrOSFnazi2kji+P7KiI1ZJTm/MGH9c6UcTu3JC6pMuUsLqeTDqDX0vOmlKO/GzUlw7MB4o7lTzuNSPSpWQlBcMWk12+ajNdTik+ymj1sR5174HGEEBjcjkdCfRh966LsvAifDXYa/YUm7xbDKAm3p51mznqduu1ZcV1Rsf8AqqAXJI65gDbyPlVTtKNXF1VTfXwg/SlyfHOuhNxw1+9aUs/NTpV0KWim7UwNnFDIbWt610LdyXNh4z5W18jXLpMQxsCxPS5rou5UubDAfpJ+BJP71m7Th+in7lOitUrWl6F9UVJqK4J1wqDU1BoGFFRU0wJooFFIQVIrGigDKlvfmEmNCBwJufI2pkFRLGGUqeBGtWU2d1Yp+hVdXvg4nHw1r0/9l+EXPnbU30pL2jg2jkcNyaw876j5U9dn7WGnXWvTzknFNeZx6IvxZ8kdnwRuK9ceLRt6VV7KxgK3HW1WOIxEeUhmA0pxktpzJwcbOht7IOaFOPsjUVvgeVJsW8Iw7ZSM0Z4FeX8qYMLt+BxcSL8auqthjGSjUaW2L3Y4ZZSDSlzeObJG9xqQQPU6DT31uYzebDp+cMeQXW/7e+qbFbWiezy2GvhHQfc1C+cZLCZPS6exSUpReDHYOAMcIBFVe8mFVoiLa2q/Ta8Tewb1R7YxakMLi/L31mltSwjpUuyVrk0cV2/hMhNLRNjTzvNFe9I841rTS+MC7QXKkiSafuztwYZNdQw08rXH3rnynSnjs3zWl00OWx8xcH6is3aUc6eXy/kj2fL/AJC+Y61FTQa8wekRjQaKDTGY1NFFMZFZXrEGpoAmooooAkVkKxFZCkyLELfrScacFB9SRb7Ve7gawS/wn/63rHfDZhkUOouQMpHO3Ij3mt3s0wR7mW/M2+oP1r0Glmp0RS8jk2KULZPyZcYTbixjKWtz6D41jJvHg5QwD4xyq5i0MLMoGguSw4XNr8OGta+1t0HZb2zaghTcBvI28qsA2HkKBsM6OuTQoSLpaxGUgEcNDppV9cI+ZTqXJvdWLjzSkGSF3dBqQ8bIwB4Xvpr1505bnbKTFR55FIN7WBIppwWyo3CSFDGyrlBsAcvRtbEHoRavfZWEWN3CgAElrDgL9KkqcSXoUWa5utxXDQo734SPBQtJGPFwF9fhXOcKmLxLBzmCE2BHFj+lL8T5AGuv734FZ8sbcL3rf2bsaFVRwvjRcq8CFAFrLcHKOtuJ1NHd5k0hrVuFScnls5Li9srgSUODfMpVGLYlGkzyKStorXI0OoFhw414YneUyvbKVIAurCx/nTvvZsNpp1m/BhpF4MGXX4rdTatWHcySaQyz5UuoVUXgoHK/XzonXHyRPT3Ti905LAhysZLg0k7SS0hHDWuz43ddYnsLkWPyrm++OzQkhtz/AKNSpe18ktUu9g3EVB0ro/Z1/wAu3/cP+la5/LHqD1F/sfpTh2bYnWaL0cfQ/aq+0lu07x7GXs/9PUpP3Q81BqaivLnp0RUGiimSCig0UwIFAoFTagAqaKKQgBrIGsakUCBxcf104VG5MqxzyQEjUB18wdT8LgVnVQF7rENIdDYMhHMDRgfiK39n2YntMmqjmB2PDxqy2Ir3TBoOVLGw9shgNaZ4privQxaZ5q+udbwesrWFaODa8le2MlAQknQcaWdl724VsQ8fermXiLjh6UOXIqq24PCLHeJ8pDdK39ky3UXpH3038w0cgQMGJPXQCmLdfaiTKxQ3At8xUM4nkvnW+5SfVDNYV5S2AqGlqj21tDIp1qxySMtVTnLBT7041UufI1xbbW0jNIbcAdPSmPfTbTNfU66ClLZeHLeK4sNT1PlVa9Tr424gjzx+EKqmmpGg5kljan/d3YSYZTbV2tmPpypKGK73HRqR4VdFA6ZSL++umVy+07ZxUa89eWaNDCE5ys9OEFQTRUE1xTrBRUUUxhRUVNMDGpBqKmgZNF6ipoEFSKgVNIRlVVt+RUyOVLAEhlBsSp9ofCrSqjby5iqeRPzA/er9L/2xKL/2Mvd1XV0DLfLyvxtfT5U/YJzYVzncNgY7DkxH3Hyp9wb2FejT5OJqVktZIg6lTwIIPvpX2nuZEY2yACSwtJlGbS+hI48aZPxKquZmCqBckkAD1JqnO/OADZDNfqwUlR7+PwFWPb5mOpXZfdpv4IScP2chrvKAxuMp6U7btbDTCKwUsSxuSevDlyrxxu/2zozl74v1KKxA95+1bWG27h5lzwzK46XsQfNTqKjx6l01e4+KDSfsb+JmtSfvHPfSrzG4vSlTaoZgfOq5S5LdPDbycz3nk1JPAVort2FY8qxEvawJ4A9ast9YO7Ujmf3pTwuGvYmtMIxccso1Ftit2w80Xm60H/FQ36lj7gTXUKSt0sLefN+lf9WlOlef7TnutXsjt9n17K38QqKKL1zjoBUUXopgBooooGRRUUUAZUVFTQBINSKxFTSETS/vJOUJYclAHqW/maYKot7kAgzW1zD6GtOkaVqM+pX6bZj2dbYAndCbB9VHmoA+n0rqUEwJtXzhgMW0bq6mzKbj1/q/xrs2721u/RJU4jR153516GcdpxMqxZDfzY0s2X+2cR80Vb2P6jr9qVcDuqshCrKqmxHibKWN+P1rqE6FxoP3+NLeO2I7t4VkU/qXKfqL1W8mmi6Chtl1/PLgU8VueiZc04YXFyjXOpub+HlbX1rHZ266mQGN511vclRbrwFNcO68ym755PIkD6CrQYJ0HsWP099GZFjvqxwss98SoWPQkgAatxOnE0vpjgST0r221JJkyikfb+1hh48gN5G4+VNLc+DLlRWWUG+20O9ka3AGqyFgFHyrwmUlSx5mpUWT0P1FbFFKKRhU27HJ+g+bkNcOeYCj601Ul9n0pvIORAt7v96c68zr1i9no9E80phUVNRWM1hRReoJoGFFFFAEUUUUDJqagUUCMqKmKMsbKCSeAGp+FZTQMhsylT0II+tGH1I5WcGFUm+L2wzgC97ceXnV3S5v1Bmw981spGnI+taNIk7o59SjVvFMvgc6jksb9OHrXQtyXkSASIbspNx1UnNlPx91c4z6jS4vqOorq3Z2ikSAeyQjLrqRa1/kB6g16m6Phyea0kt2fb+zo27u3Ip1uCLjivMHoRTNE62uLVxXb+AlgfvoCVbn0Pka0oe0+eMZXS5HMVTBvyJ20xfOcHdu/HlWhtCdAOVcYftVk5R/E1T7U7Q8TKCBZb86k1N+RBQri87hr333tSMFIyC3DSuWgtM92NyTqa8XkZzckkniTTLu/s3gTUsKte5LLtljyNRsKoKow9q49CRYH42+NUsrWzDz+l6v9qsO8Iva2pPQC1z9vU+VLGImzMx6k+XyqdayskNXJVpIdOz57swvT3SX2eYQZDJcXuRYfcU515vtFp6h4PQdm5/+eOQqKKisJvJqKKg0ATRUUUxk0UUCkBZ7K2HPOC0ajKPzE2Hu5mtbHYCSI2dbdDxB9DVlu9t54WyngbAHkPIj708SxRzx+NQQeXn1BrqVaKu2rMJeI41+vuouxOPh9upzrZGPMMgYX6EjU215dPTXQU6xvDik8Sg3+vUHlSNvnB+BGcrI6MbLkUsb8la2g9TWe5m804W+Lwz4eIkCKSQgXubBSGsb38qu0cLYxcJx8JRrbKbJKdcvEzb3h2P+H8QN4ybX5gngD1vyrnm/O0oTCYu88dwcgvfT9Wmnvrv0mEjmjaORQ6OpVlOoII1FcQ3j7NfwOJzg5sJJdUdv/YkOsYmvxiLAKWOgDG/DXRV2fXGxWJ49EZbO07ZV900n6s5dFOUdXQkMpBU9CDem/s53gEMwST2WuB6MbkfHX40o4kKHbw2GZwFzXy8bajjbT1tTRuXsmFI5NoY1b4eLwRRtp+InYEBB1VfaJHCw8660kmsM5enulXZlfP4HZtpYcOnIgjQ9RXLtvbBFzYWrsWB2TEmHVYs1gNMzF7+8mlDaZhd3UOucaFCbMD/hP1rnp4fB2YpTykcjxOynU8K1ThWrpi7NaYmKNC7+Q0t1LHQe+qvam7skDZZlyk6jUEH3g1arWVS00c4Qr7MwF2FPeFgEcV7WqiTFwQ6swuOQ1Onpwqq2hvaXdfADGDcpfRh0P9cqNspsm510LxP5eZX7ax4DkLYm93NgQbEkL5jrVRGtz61v7X2eEtLEc0Mlyp/Sf+m3Rh861cDhe8LDMFCo7kn+BSQo6ljZR5sK1xWEce+2Vlm6X09hm3U25hoNGRwx4vcfDkPjTjBvDhmNjKEbkH8N79CfCw8wTSxun2ZY7HWkI7iI695INWHVI+J9TYa8a6bszsf2dGmWeSSU8SS+QX6qq8PeTXN1Ggptlubefz1Olpe0b6o7Ulj4f4VauCLggjqNamkjezY+G2dicsM2JUNqpUobAE3VhcZuIowW+CrYPM7j+OBQ3vZJbfKudZ2XNLdW8r6HVr7XrzttW1/HK/odjUVUbP3jgmNlYE34C+b/AMWAJ/y3qzimVr5SDbj1B8xyPrWCyiyviawdKrUVWrMJJmdFFRVZcZ144XHwNOuH75BIxsQLm2lzcgWBsDpeqXe3eD8LHljI75/Z6opuO89biwv68q5ph53VxIpOYHNm53vxNdbRdm97DfP5HE1/a3c2d3X836fA+mtpbnq0QMErA8bgrdtOF2UhfW1KuyN+2hxP4LFxSYYiwRpWDZuWrhQtjyIFuV6jsq36adu5nbxgDyVuh/xafWnne/dPD7ShKSKA4/u5B7Sn16eVdKNFcMpRwcqzUTlhyluXv+cF8FSVLHUEf0Qa4N2o9neMidsRHJLiodT42aSWIcwbkll8xr16057ibRxWDkbZ+PvdP+Xm1yyIOIDHiRxtxt6XroYxKt4Tz+BFXKeH7mWVba9jmnY3vj38H4aV7yxWCk8WTkdeNjp8OtdGmySq0bgMGBVlIuCDoQQeVct7Rezt4n/H7Muki+KSJNL9WjA59V4H14sO5284cph8U8YxgQM6KSbeRPDNaxK3Nr1GXqun8FkVle/8/wDojb29k2TEq0LrHhHYmVmNu4UAsxJPFLKbeZsaR98NuRTmKDDKyYXDpkhVuLEm8kzAfmc6+4V9U2V1IYBgRYg6gg8iK5Jv52OowabZ/gbiYD7B65D+U+XD0q2E/UzzhnoNHZ/i5JsDDI5JLIPivhv78t6We0rZiwsuITCxzyykQf2mayl8wVgoI8V2sG4jSn7dDZrYbBQQNYskaqxU3Ga3iseYuTVRv7L3aRuRfLLEf/kWszex5Rvr/Vexmjshl2bhkQnO+UmSQ82//PT0rmG+28kc+ItIGkitoy3V1PUA6eo4GuwvgROb5rC3skXvfmK4r2qbMWDFKq8Cl9eN8xuaKHunyT1TjGl7evGSix2xnCd7E3fQ/rS/h8pF4qaqKud14Ma0w/ApI8gtogJH+fkF9dK7hu/2VwOY8Rj4IxMLl4YmPcsxNwXXr1ANtedbXLByNqlyuDnfZdujisXnzx/8FICshclQSODRaElgQNRppa9dW3Y7LNnYQhyhnkHB5rMAeN1S2UetifOnJgEUKigACwA0AA6AcBSpvdvnDgk8Thn10HLTQevlVE7DTXU5cL8/wYdo41IhcsFHmbfCuT779ocaErE2Zhwtrr5+VemyMm2rXTaFhfvHBijgB6Brlja3AXOuvKmPZfZDs2J87q0ltQsjZl94AF6r7vL8X0NEbY1rwcv1f9L/AE4/snYO0NrS94OB0Mj3CgX4Cw8Xu6V0nYfY7golvi3aY8yWMaA8bKqnMfeaf8VLDAvhCoqjlYACudb179xFljw5MsrEKqrqCxNl99zb30d5LO1fRBGlT8UvqxA7S91YcFKr4VmMLkgKxuVYWOjc1sdD5VS7N3nmiIzhZQBYZ7hwOiyqQ4Hle3lTpvZsmRHRMZMZsU6q4wkMAkWMNcLmlLAltPZTXhrwNJm8uyVgI/spoSeEcylG9QrXOW1tbnUHhWmMd0cT5Mlj2T3VPCGLC79x28cLg/wsrfUD70UkvGVVX1s1wDbS6nUDXkCp/wA1FZZdnadvO37muPa2pisbvsidpY155Wlc3LG/oOSjyA091Xu4UKSS4iBrlpcJiViF7AyqneoD5Xi+NqWVpi3FULjI5TMsQizSMzWIyqpJUDmxGmX1rdhJYRzcuUsvqeG6m8cmBleSNEdnieIhxmFnKkkDr4fma7T2Rb7PiIu7xBUurZA2YZmsoIzJfMNNM1rGx51p7udmey5sOkkbySNo3e5yp46EKLDLf31R794vE7LndocHFEJix/FDNIzljnYXNlU3ucpB8uGlTan06miMXXxLp6HYt5NhRYyIoxKtxR10ZGHAg8qTtm7QmwFose+bx5Y5QjWIPBmIGVeh4cRRuNv8mLXKCVkB/u3IuRfQhhpenrE4ePERlZFDAjUHWqJLc/c0Rl3a55izLCYtZFBUgil/aO4GBmmGJEWSYHMHRmTxdSFIBPrXlh9hy4InuSXg/wCnxZB/D1Xy+FMuz8UHUEHlTi88MjOO3xQeUV+CkeJu7l/ytyb+dW+bTWoxMIdbH1B6GtaMH2TQk48EZNT58z2jSwHxpC7SsP36KnfLDGHDyytwRI/FcDmSQoA866G40pX2tuoMVdZD4M4bQ8bAixtx1N6Uk01wSpkuW3g09xsQuIw6SXuR4SfT6X0PvqdtbhQ42UnEpmTKAjKxV1IJPhI0IN9b9BTDsDd+HCIUiB1Nzck62A+1WbPaiFe3kLrt8nt6M09j7JgwsQiw8SxoOSj5k8SfM616YvGqguTavLF4hrWUXJ4VWz7td+P+IkYrzRCVB9W429LU5SfSKIwriuZvCELeftSi78YaHOQWCu6C+pNsqjifdfyvwrZg7KMPiZ0xUz4hYyMz4eRgTcm4AksGVOqkZvOn/Zu7ODw5DRYeNWAsHygvbpnOtbmNxyRqSxAHmakkorLFKTm9senl+eZ5BEhRY4kCqoAVFACgDkAOFLm9G98OERmlbxAaKOJPKlnentIUM0MBOexGYKT4uSKOZJsNL1RYTs6xu04lkxQOFlDe1IS/eIwvfui10YHTUjSoYcn6It8Na55f51ZUx72RY7vvxsk0Ma2KPH4lW91CtF+bU3vqdOgNWW6HZ7iI8XhcbBJFisOHVyxzRNbrlYHUcdDy+D/ur2WYDBgM4OIkuDmlsVBHArHwFrnjc+dMuP2tHEPEyqPMgVZmMFwVJztfPJU43dZX2iu0A5UogTJZcrWBF2Y631HDpxrjva3LisXtRMO2Qiyphwt7ZZG4sx1ve9+QCimTfDtKETWj8ZF8upy8Tr86oNn4zCYwtizJNFiYomV2kCdwGmVoksRqtmkuL/oPnThKTefId1UIx2t+L0Oa4gKGYKbqCQDqLgc7HUX41NYMtiRcG3McPdRWgwDruvuYMRDM5ixMzokbEQmKNYw4ZvG0t+8YrkIVddTe1LogRUkVgNbNE5sGzRtlZCATa4Y3B5qtXeF3r2hs78VhGARpTaVJEGZWC5cwtzK89Qbg1W7pQyTYmJFVHVH75w4BUKts5Y8bWAFr6m1Is46IbdzN522fFhGa4jabERTA3FsncOrfCc13OaHD47DtHIFkikXUceOoIPI8wa+fElw+JWXv5mmlDT4kRxhUSwQd54jY6RwBgAeAGle+6PaIMEwSOJ+5LeIGQvYa+yCNOXA20OmulMoc5RfGaa2yfwZb71dl2LwhDYB5JULDgQroBqCxBGYX5j4Ve7s78nDBYcfiYmluFOXNcf4zlsp9bcae9hb4YbEgGNwbgG3S/lVpitm4ecq7RozL7LEAsPQ9PKoNqRb4q+q4+x74LFLIoZSCDXjNB3ZLKNDqQOR61XPs1sM3eQm6E3ePkPNAOHoKssNjlkHhIv0qOc8PqG3HijyjOHEZhpx5isQbye4UMLG449OtRGby3HT7UfEWFy0btqzFYE0BqsRS0Zk1gRU1iGvTEjFUAPCsmkoYda0J0dtFsKg3gsjHc+TU2rttUORbs3Qan4CqrBbPxskveyZYgPYDBX05hoyD5cCpHXWmPZ2z1iueLHVmPE/yr1xmPSMXZgAOJOgqCi87pMv7xJbK4/M04Ng4WOZsSIIxM1ryBdeFvD+n3UY3aoQEnwqL3Ym1rc6Rd7e1TDwXSM94/ReFLG5m9jbQxwGNid8PkbKiBmQSXGUyZeQGbjztUnufTp6kYxjF+Pl+i5GbbvaRAHWFJ1Rm4yOrFE8yFF/pXPdsnaK4iPEiSHGqrB07siRDbgDF7XyrqmH3PiMQiaJFhRnK3VTIwZy/jflx4L01J4Uvb17fw2z0MUajNYjTiSb2F+QtyqKlh8LL/OhoUNyfO1e39s41t3aMk8rPJ7ZJzC1vF+bw8ta3sSvd7PhUcZ5ZJXtxyQARR38gzTmrCDfJZfBtDCpiU0Adf7OZR5SLx4Djx51Y43GYGCaGSGQyRwxtA2HdbtaR3kbMxADLeZxoPyDjWs5eE3nIuYbYDKqviZVwqOqtGZFZmkDXsyRoC2WynxWtqvUVNeW9asMXKGmaaxFpCSxKlQQLk8gbW8qKZF8cFlht75ooZsJiIYMSjZhmkUNIrWyh0nXxG1lsSToBawr1x+MigwEcUKtHNOitMb5u8jIt7RsUvxy6ix953978Ts8bPw8aQt+N1/ETHj3qsRIrMb5xcG1tALUubTwkjYZMQz3RCkCg+0LRCQ8PygsQL62tSJLKyG5sgGLQHg6zR6kD++gkjAudOL1SA1b4HBxwzsuMaSPu1zARZS5fwsihtQtwb35Wp62ZgA00UGBgw8Qki76PFOGnktmC694FyENcGykdLim3gUY5KfZOO2nLhIsNh4SscbZxORlIueUjWAXjcC9702YDtCfBrkxWJhxDjlhwW5gG8miEi9/dSDvBh8b+NODxUxkkDqlsxyEsAUIGgAIYchxrw3s3Rn2f3YxBTNJmIVCTYLbUm1udQcFLqWxtlFcff/D6M2XvTFiEUrmXMoYB0ZWKtwbKwuVPUaV7mNG8S+FuTL186+d8FvtKuEiwjD+6kDRTqT3salrsq+Wp+Qrpm5G+PfKFkLFr2WXhmtp41ubHhWeyDj16GuicZrw8M6Rg8YSe7mADflYey/7Hyr3wy/2n/l8rCqoYhWBV/d5eYq12clj6KPn/ALUovLRGyO1Nm4RRUvUqKtMwNQdKD1ryZr/1ypgkeZkLUSSKguT7uZrxxOKy6KNa1Y4CWLOSTy/l0qty9C+MMrL4Rr7Y22I1JAN+QHGkjH7M2ptAju7QIDdS/UG4OQ3v766CIkvcqL0TbTWPT7VXjLy2aIy2rEI8iZgOyeFpDiNoTNiZmsW4IhIAHsrx0FNoOEwkeWNI4kXkoC/SkLe/tUjhYxxqzuOXAfE1y3ePfnF4rwswRP0pp8TxNW4lLp9yh7K/3v5L8/k6ttztCDv3GHyZyDZ5GyR3HINwJrje9aYvv2fFIwZjoeKH/Aw0NeGO3gxExjMsmYRqFUWAXKORUWB00PlXvh95ZFLBlSSFiT3DgmMX5Je5W3LWrYV7efMotvU1tXC/OpTRmxB42I0q63QwiT42JJBmVmJK8mspYA+RI18r17rseHEjNhGKPzgkudf4JAP9XxqjwuJkicPGxR1vYjiNCD8iRVnUoxtaz0IxWYOwe4fM2ccPFc3GnnRVxvZh9YsQOGIjznXXONH+f3opoUlh4P/Z','2020-09-09 17:04:00'),(20,'Miri Mesika','https://www.hatarbut.co.il/wp-content/uploads/2017/12/Miri-Mesika_1000.jpg','2020-09-09 17:04:00'),(32,'Static & Ben-el','https://www.themarker.com/polopoly_fs/1.5828381.1519045591!/image/902199231.jpg_gen/derivatives/headline_1200x630/902199231.jpg','2020-12-09 17:03:00'),(33,'Noa Kirel','https://img.wcdn.co.il/f_auto,w_400/2/9/7/3/2973901-46.jpeg','2020-12-09 17:03:00');
/*!40000 ALTER TABLE `artists` ENABLE KEYS */;
UNLOCK TABLES;

--
-- Table structure for table `interactions`
--

DROP TABLE IF EXISTS `interactions`;
/*!40101 SET @saved_cs_client     = @@character_set_client */;
/*!50503 SET character_set_client = utf8mb4 */;
CREATE TABLE `interactions` (
  `interactions_id` int NOT NULL AUTO_INCREMENT,
  `user_id` int NOT NULL,
  `song_id` int NOT NULL,
  `is_liked` tinyint unsigned NOT NULL DEFAULT '0',
  `play_count` int unsigned NOT NULL DEFAULT '0',
  `created_at` datetime NOT NULL,
  PRIMARY KEY (`interactions_id`),
  KEY `interactions_ibfk_1` (`user_id`),
  KEY `interactions_ibfk_2` (`song_id`),
  KEY `is_liked_idx` (`is_liked`),
  CONSTRAINT `interactions_ibfk_1` FOREIGN KEY (`user_id`) REFERENCES `users` (`user_id`) ON UPDATE CASCADE,
  CONSTRAINT `interactions_ibfk_2` FOREIGN KEY (`song_id`) REFERENCES `songs` (`song_id`) ON UPDATE CASCADE
) ENGINE=InnoDB AUTO_INCREMENT=33 DEFAULT CHARSET=utf8mb4 COLLATE=utf8mb4_0900_ai_ci;
/*!40101 SET character_set_client = @saved_cs_client */;

--
-- Dumping data for table `interactions`
--

LOCK TABLES `interactions` WRITE;
/*!40000 ALTER TABLE `interactions` DISABLE KEYS */;
INSERT INTO `interactions` VALUES (10,1,3,1,4,'2020-09-09 17:04:00'),(11,1,5,1,9,'2020-09-09 17:04:00'),(12,1,7,0,2,'2020-09-09 17:04:00'),(13,1,10,0,3,'2020-09-09 17:04:00'),(14,1,13,0,4,'2020-09-09 17:04:00'),(15,1,15,1,3,'2020-09-09 17:04:00'),(16,1,17,1,5,'2020-09-09 17:04:00'),(17,1,19,1,2,'2020-09-09 17:04:00'),(18,1,20,0,6,'2020-09-09 17:04:00'),(19,1,1,1,10,'2020-09-09 17:04:00'),(20,1,6,1,11,'2020-09-09 17:04:00'),(29,1,14,1,1,'2020-09-20 22:58:26'),(30,1,2,1,1,'2020-09-20 23:23:18'),(31,1,18,1,1,'2020-09-20 23:38:58');
/*!40000 ALTER TABLE `interactions` ENABLE KEYS */;
UNLOCK TABLES;

--
-- Table structure for table `playlists`
--

DROP TABLE IF EXISTS `playlists`;
/*!40101 SET @saved_cs_client     = @@character_set_client */;
/*!50503 SET character_set_client = utf8mb4 */;
CREATE TABLE `playlists` (
  `playlist_id` int NOT NULL AUTO_INCREMENT,
  `playlist_name` varchar(255) NOT NULL,
  `playlist_cover_img` text,
  `created_at` datetime NOT NULL,
  `upload_at` datetime NOT NULL,
  PRIMARY KEY (`playlist_id`)
) ENGINE=InnoDB AUTO_INCREMENT=13 DEFAULT CHARSET=utf8mb4 COLLATE=utf8mb4_0900_ai_ci;
/*!40101 SET character_set_client = @saved_cs_client */;

--
-- Dumping data for table `playlists`
--

LOCK TABLES `playlists` WRITE;
/*!40000 ALTER TABLE `playlists` DISABLE KEYS */;
INSERT INTO `playlists` VALUES (1,'Mix','https://www.adobe.com/content/dam/cc/us/en/creativecloud/video/discover/how-to-mix-music/desktop/mix-music_P1_900x420.jpg.img.jpg','2020-09-09 17:04:00','2020-09-09 17:04:00'),(2,'Israeli','https://www.cookingclassy.com/wp-content/uploads/2014/03/hummus-31.jpg','2020-09-09 17:04:00','2020-09-09 17:04:00'),(3,'POP','data:image/jpeg;base64,/9j/4AAQSkZJRgABAQAAAQABAAD/2wCEAAkGBxIQEBUQDxAVEBUVFRUVFRUVFRUPFRAVFRUWFhUWFRUYHSggGBolHhUVITEhJSktLi4uFx8zODMtNygtLisBCgoKDg0OGBAQGC0lHSUtLS0tLS0tLS0tLS0tLS0tLS0tLS0tLS0tLS0tLS0tLS0tLS0tLS0tLS0tLS0tLS0tLf/AABEIAPgAywMBIgACEQEDEQH/xAAcAAABBQEBAQAAAAAAAAAAAAABAAIDBAYFBwj/xABBEAABAwMBBgQEAggFAgcAAAABAAIDBBESIQUGEzFBUSJhcYEykaGxUsEHFCNCYnKy0YKSouHwJDMVFhdTc8Lx/8QAGQEAAwEBAQAAAAAAAAAAAAAAAAECAwQF/8QAJBEBAAICAgIBBQEBAAAAAAAAAAERAiESMQNBUSIyYXGBUhP/2gAMAwEAAhEDEQA/AMg2FP4KuCNHhrh5PQUuEjw1b4aXDRZKojRwVnhoYIs1fBLBWMECxFhBigWqYtTS1FhXcE0hTlqMcDnGzGlx7AFx+iolXFNIV6Sglb8UT227scLfMKvwyRcA25X6BMK5ahip8EgxFkrOamYq29iZgnYpWwSwVjBLBOypXwQwVnBDBFilfBLFWMECxFilfBDFWMEMEWVNFghirJjQwWDRXwSxU5ahigIMUMVPihimEOKXDXS2XsuSokEULcnH5AdST0C9R3e3KgprPlAnk53I8DD/AAtPP1P0V4eOckZZxj28gmpOG1r53CFr/gyBykHdjAMnDztbzWv2VulRvYHvqXSXFxiGtB97lemVGy4ZCXOiYXEWL8Rl5eLmvGt8pWRVL2Yg4uIB8wnnhONUnHycmybsymiAETww9zBA8n3LASuVvHVzwR8SIRTtBGTTDZwB0BwBHX1XN3cfVzwyfqshBjY54aTqba4tdzBPQctViYtrls3GtqSOIRzkHLxfi0PVTwz9tIp3pd7S+0cmdITykjc4Nbfq6I9L+Z68lTr56qK0lTeRpNhMzwk9ix7QLdbg37HsrG9hdVl9STkQGSDmRg4APaB0Adc+QDu6fuYTVg0U2rCC2/4Q4eF3q1waR6J/88f4fJTreLwxPKG1EJPhnaxrJG8vjAFiRfVpFr9E6qpmmJkmLWF/wSNJEUw5EFpJwcO3TzuFf3DpXfrcmzKlpxcXse38Lg1wNvqf8V1Z2Fu08z1eyKgfuOfG46WcP+3I3yNgfbyROFdDn8svPTuY4te0tcOYPT/nfqo8FoqahdLQnittNTPMT7/EA0eEH2Bb7NXG4aVlStglgrPDS4aLCrglgrXDS4aLCpw0sFb4aXCRYU+GjwlbESXCRYaN0CY6FdIsTDGpU5hhTTGukY0wxIJzjGiyEkgAXJNgO5KvGFdDYVOOMHu5N19+iBL0PdXYbaOECwMjgDI7qT2HkF2kyKQOAI6hFzrC67oqIcEzMztBX1QiYXHsvn/fOTOV778yTz56/wDPkvVd6tp+Ei68X3gmyJJNvU2HzOi5pz5ZOnDHji1n6Lt5RBIY3fvaIbf3SibOZInOxeS7DDLAk3OJyGmvbT6Lz7Z212U7888iOjfFy8+X1Xcrv0mveMY6cD+J7rn/ACgfmtcuooY5VNy1kEYFgWgNDBGG8/DrcO/FfJ3zU+xIYaZ14W4knXUu+V+i8xdvRWSnR4Z/Iwfd108STSfHNI70c63yFlnwlpGcT0+ldnSUzrVDhE2W2JkIY15AHLI62UtVt+iis6Wrp476AuljaSOwudV820O7s8tRE6OCWWz2kkMe4ixFiXAG1ufsvVt7dh1dbTMDKYl4kDtbMIaWODgcvPH5K+cxUMZ8UTO5dDbm8Gz5GvZFWU7y/o2WMl3yOq84dFrpqPurDN0quFwM1K4C/XBw9dCVZ4HPy0PSxWGXbojGo7c3hJcJdP8AV0P1dSKc3hJcJdLgIcBApz+Elwl0eClwUyc/hI8FX+ElwkG66VkUQEjMxSwUoCICAi4aswnBjj5hNDVzd4WzcB/BIFml2vPTVBTFths/eeNuLZJGsLiA3JwbkToAL8yuttbaxjppZQMsI3vAHN2LSbfReA7I3XqqqRspytkDxXnENAN7gnnbsLr3CKUFpB1uOvX1VzNe2U4beC7W3nrapx4kvDHZox+XX6qqzYcjvG+ORwPJ8hMYPoXWv7XXoG3N76ChkfFTwNdM3wkxxtBaR0MrtbDlYX+iw20t5qiqdcMDQe93H5m32WmM/wCYE17Nh2TFcA4n0BIHu632Wu2bBsSCme6oeDOLYtL7fJjAD8yVg/1eSTR7yb9Bc/QWH0XY2JuNUVRtBC6Tqcnsj09HELXaVqbeClH/AGo7/wCE3/1KEbyG/gg+ZDfoAUJ9jCndg8NyGhAGVvUn/dWoqaJvxEAd9G29VnUNY5fKen/SNXUovDwmjlq0yX+oW7/84V76EVDZ2tkdE19hEzEO04gAde4HiHsslsuo2U1w/XX5s6hjnOPlpHqt9sfeHZDoS2jpZp423YRgSLnxFv7Z4/Fe3mp9amkTV7i2BqN6NozH9rXyW7NZCwfSO60cFKMQbl17Eucbk3CbV767Pc20GxrHo6RtPF9i4qfZrzM1s3DZECCAxpztY21Nh27KM22PXVAadNMCvliYWLM1AwIcFXixNLUwomJDhK6WJhYglMxocNWixDBBpQE4BEBOAQQAJ4aiApGtQDA1MqS4N8Dcjytp+ashqTzYE2vYXSDy7aO89a5zmR3isSDyc/TTmdF6duvVSPpYXT/GYwXaAXP4rDvz91hdqbfgp532gu++R8FiC7XUv1HO+ndaTdXeD9cjdIWGNzX4kXyHK4N/dXl9vSdW5u2twqd9Q+oM5YHOc8tDASC45HxE2GpOtuyz9YdnU1w0iRw/G4yn3ayzfmF0f0i7Hq6mVphbJJFgBiwOeA67siQOurefbyWdptyZxrI1sf8A8jx/Sy5HuFpjuN5InvUKVVtwO0Y0kDkABG0egH9lYpN5toROypncE8g4BpcB6v0+isS7MZDpkX98G4t9iefyCs7Lr6KF7XVIEgB8TbmTTsWsP3WuMxWkzHy4+NTM4vlmLidScjcnztorLNmg2BIPqL/cro70700c0v8A0FO6Flh4cGR3PU6En5rkRVspFmR6fxZP+1klY06kG7xf4A5oJ0GrbfMXsvUNy/0cS0sJbJNGM3B948nnkRa9gLa/RePPqalouHFn8rQ36nX6r1f9HRqaWl4s0r5Jahwa0TPfI2Jrblwa031GTBYfvEjopq5qSymY3C3tHcOhpgXVVeIr3IDjHDp2GRN1ToHQBojopuO1rvE64eBc3PiAA+S7u8+7r9oMZd7HTMBDHm1w7nJDIWiw+G4NtC0jrdcHZGxp6MPEzWgG1gHBxBF73tos/JFdQvx5co3O3QLUwtUrTcA9xf5ppCxaIC1MIU7lGQmERCYQpXBMKYRkJqkKagkjQntCDQpWhAJrVIAk0J4CQIBOARARsgmL3jpqOSfizOLbgA6tjF26cze+lug5KxsKtpNYqNzbiznAFxJ5C9zzHpyv5p+/GyGVLIxmyNzHH4rjRwF/hBPMBczYe7gpX8XiB5LS2wBtqQeZ9OyqKrY26O9u2ZKaEOhj4jnOxHMgaF2oGp5cl5zVbwVk+rpBGOzQGfXV31XqVS6PAmYNc0DI5XAFtb3FiLeSyU+9lDEf2ELLg82QNy8/2kgB+qrxzHxaMv2yUWzZZhkTJKBzIDpAD/NqrtJsIOONgfNzwQPXFWNpb1PqDpG9wH4n3+gGnzVBtTUH4cYvQf3ut4mfhGvTX7S3JdRwsmfJGQ8AhsQJtfu42+y4YrGNveze2Thr8rLmSQVE9hNUvktoA575LDs0E2HsrdNsVoIDjr2Nm39jqi97VjfqE42/G3X4rfhZYj0cQPuvS90N54qynijhLhNTOcTHYZPicQXOa39/FwaS0G9rkdF55FsqBxsSPYFx/wBRC1e52waCmmZVzVZpjE67SZI4g4+eXTpYc7qLiJGcTMbelM2myGmfO0F4jEsjjcauLs7E2Frudjy79ivO9mbWlqaviTyOkuHeHXhsJ1Fo26Dla5181uNq/pD2WWmMvNWDzYyN0jX21HicAw8u6y9Tvs2V7I6ejbTxkgEuLQQCbaMYLX/xJeXfsvDFX9LsXB1BumORazHTzumuXO2MIUbgnkpjimZjlGU8lMKZGlNKcUEwsNClaExoUgCQPaE4IBOSApJJIJyt5dnOmppeE13EDQWloOVwQbC3cAhee0Ww65k0cjxK0Ne0niOLfDfxCzjrpfkvTq2kEosb31tbzXlUm3qxl2WYLG1sSRf3KrC/Qlt52NkY6N3wuaWm3Y3Bt52t9Fm27jwg5GpDQToGwmQ/Nzm2+q69HPlG15Fi5oNuxIBKy+3Ni10srizjSscfCGB7hY8gGt05WHqCqwu6iaTl+l2s2XRQDxSSOP8AG+KnBPa1ifquOa+BrubLdm5SXHr4h9UyHc2pHxQOZ/OWQ/1EKR2xBH8fDv2B4pHuLj6rWJi9zad/DtU/6Q44qOSlipS5zyPHdsWnsCSsyyomkddsePqDp76LabqbrwVD7T1HBbYm4a1t7DlcmwXG21PDBIWQyMcASMriQkXsD2PyTmdiI/KhDRTO+J5vfkHYf0c1cptyp6nwwR5OPX8yXEaf2UTNr9ru7gaNP5fRX6bemriBdT2Ybc7GQ+w5fRRMzaqhtKL9E9Q57nOmbA0k+EXkNjr0NufT0Vms3e2Zs/Ser40nPAuBcLdomXcR63Xnx21tOrLBNUVMofqWNyaLBxBHDZYE6dR181ptl7j1jm5GEQNPV1mG3cN5/ZLKhhfuaaWC1smaNIBaPLn7c08lQxUroAIzJxLC17AYgDS1vzunkrFYOKYSiSmFMAU0olApg0pIoIC21SApgTwkDgigikBSQSSBsmVvA7E9CsFtfej9XmfE9ry5jiCWtYAeoI1B6hb+yx287abjXq4omvcAbl72ZtHhBsHW6W9k4q+ilR2dtJtQziNv8RBytcEWJ5Hsb+6rbd28+ns1kRffrcgDpyHNWaMwG7aYstzcGPL7X0ubkkclYmmiYwuqGxuYefEva57YkHpy8vJVq+i9Mm7eCpfqBGz2P5k/ZVJKid/xSgeYa1p+YAWndvDs5otHT059IJn/ANd1z6reRjriOJ7R/BBFCPYtIK0j8Yp/rjRbHkmIBMkxPIAOfc+XNdebdN1Nb9ZidD24lwT6NGv0Vem3hlidlHC4no577n5W0+asbW3jr67WYxtLRYYtA09y5aTZRSxSRwt5MvbTQBl/c3P0XYo9q0cRBma0gHVtzIT5ED+wWTg2PJJrLISDz54/WwXe2bu415ADg38vpr81llTWLprP/VungjIotnkhtmlxxgYL3t8IJPI87clx6zfaurrXkMYcNI4AWf6tXn5rS7C/RpR4HjyukD3NeQ39mLtytqST+8f9lroaGko2BlPEyLz5uJP8R1unM3ixioy6thdiU80cVpY8G6kEnxkny+et7+S6BKj2lvBFJUTUzbl8QYXfhOdtAe4uPn6p6ybXYFBFKyYNKFk6yFkA2yFk+yVkBZanBNCcFJnBFAJyREkijZIAAs3vds2OpsJcmlvwuaA7Q8wQSNFpgqtfT5C45j7IEMNszdxkEnEjlLyQWkFmGhseeR6gdFbqtnslaY5b431sLnvyuL87c1pG0WlwFDNR2dy5i3uNfzPyRzVxYtu6kDBrUyAdhTtJ9zxVWl2VCwfHK/8AyR3/AKltJaXpZcqs2aTyVx5Z+U8GXgbHlYsJHm4k/Sy9BoaCifS+CBsco/f8Ti7/ADONisbJsx4N7KvvDUu4UcGRaHFxcBpk1gAsfK7votuXKIiEVV26U0OLrjXXnz+qEG2o4phESS7TQDQXF9T3tquXuxEG5NaDYkfZ1/sPkq8kdtoOuNWu/wDpqpn3B702e3t754ZIKemtk+xc52uhOLQOg5Ek+QXI3x2s+eqpS5xs2LOwOgcXOuf9DfkqW8NM5lfAw6kRsPyLz+S6VVsgy7Vipf8A24WcU8wznI+/+Fzfdw7qJ618HERe1nZYz2lUvte5icfThNP3IWssqezaERvmltZ0z72/BGwYxt9bC58yB01u2QZtkbJ1krIBtkrJ9krIJHilZS4pWTAhPAQATwFCiCcAkAnAKSABFEBGyACSdZKyAEIAOvI/RWXUQc3T1CrJk80jG5RGxGtiLgjrcKZgWElFfp/seyrPoh1CjO8zgfFA0nqQ42PsR+a5u1ttTzWFPw4j/E0u+uWnySpVyvVFE0NLjYAcz2XnW8zHTzjAAMaMWuJtztc25/8A4unLWOddtXVPcWmxa1hIDhzsDi33V3ZrY75RUzpD+OZ2nsxv91eN47EzZbmbFbCHTTvtGwF7nkWGmlgOZ8u5PmufujRCesmrqq0ULXmRxdbTJ2bWebvhFh+a9B2Zu2aoh9XdzObY7hrL/wAjQBp53TZKdrXWDQMSQ3QeEcvD29lVz7TrqGc2XROnrn7RmjLRf9hG/SwaAI8hzAFg49zy0XXoaERF78i+SVxdI883km9gOjR0HkOyuJIOgASsnAJ1kyMsjingIhqZGYpYqSyOKZIwEsVKGpYoFmAJ4CIanhqyUaAnAJwanBqAZZGyfiiGoJHZGykxSxQEJCVlKWJhCQZXa0Ra7FouSbN63vysOq4G0K+Smk4c8boyOjgWnXqO48wtntZwaQ8nHEE5dR5i3VQvlFUWR137aJwwyeLPiy+F9yLizu/QlVjETJzM9snTtbLNlzDgHd7/ALp+y2mxaRgsZHBjR30uew7lZnZmyxBOyPUA5Y31BAcQ4eoIAt6rubx7znZ4McTA50jY8HEaNBMgfr0ti3/ME5gTLYf+LRsmipi2RrpGSPjLmFjXNiLQ7nYg+IG1uS4dW4ZuA7n315qltqonIp5C90r2TjE2a0gSxvic0YgeHxg/4Qp20kjPFLYE8hzPe5TynScIqdmlBSlqaQoaGBylY9MxQsnYpabqnBqrxvsrkequJtExRuKOKlDE4MTTaHFHFTBiOCZWhDE8MUwjTgxYKtCGJwYpgxEMRQtDijipsEcU6JDilipsUsUUEOKRjupsUrIDh7eoM4zb/moI+oVKqjBbZw1IvY9jf5jz6rUOZcWK5W0KNrGl2pA1s0Xd7DS6Urxlk6h7wYnWJIqwR3PG0eB6kk+yk3to2vmZDIfFwXuIaQXREvZwyR54vFu11x6zbFRK4MgjewtkyZxG8FkbhoHu5ucRfQAHvdTR7PMLiZJXTSyWMsjubz0AHRo1sFr+R+m+p5CzCSzXNzBseosbEe+KFQ8vcXO5lFw/YRejfyTixRJQrYoFisFqBapVavihip8EMEC0GCsUvOyGCkgbqqiSnpcDE4MUrWp4YtqY2gwRwU+CWCdFYCNHBWOGjw1jS7VsEcFYwSwTorV8EcVPglgihavilip8EMEULQYpYqfBNwRR2hxUNYy7CrmKhqW+EpTGjiXnW0mYyad7/VR7Xf8AtR7f3V3bjLPuuVtY3eDy5fYJxP0w0+W2p5Mqdh7D7K8WrkbEN4AF3GC4B8gplMoCxNLFZLU0tUlauWoYqfFDFB2gxT426qTBOaxOCtejbopAxGBuimDF1RDGUOCOCnDEcFVFZ+CWCs4pYrKhatghgrWCBYihatghgrOCGCVC1bBAsVksQwRR2rYIYKyWJpYihasWrPbRrc5Q1vwtN/U912duSlkRtzdp7df+eazjG29VnnPpt449uZtsXN1wdqNuWnyC0O1hpdZ7aOrWny+xSjpo1O7JvGQtHC3wj0+yy258lxZa2CxBA6Eg/R32ITZ5dmFqBapy1NLUqJDihipcUsUUEWKcGqQNTmtVRBWu0rdFZEajom6K4GLqxi4YZTtCI0eGrAjRwV8U8jcUsUQnLIrNxQxUgCNkULRYoYKayFkUOSHFDFT4oYpUfJBim4qctQxS4nycLeBmjfU/ks7MLLS70ScOEPIJAeAbdMtLrNzOvqD7/mubyaydfi+1y62dhBBe1vYuyYHfyucA1w8wVw6oAx2zYLH8bP7qyNrmJrqeRmbI7sPh5HJ+PhsQQQQQdFkdsua+dj6ePhi3jaLR8QtI1s2+Q1st/F4pmanQyzrbXbC2iyE/Fm7o1lnF19AASQ2/v7LdbAmMkbi4AHLUA5YnqC7946anle/ZeR7FBfO2MNwBu5zgA24vfG41J1A5jl1Xqm5erJNS7xc/Tp26q8vHGMInK9u0WJparRYmFixpNq2KWKnLEMEUdog1Oa1SBikYxVEJmVqharwChpWWCnXVhGnPlOySSSVJVwU4IpLnaSIKcEklSSRSSTgiSSSTAWSskklQcjekf9K8luQFiR5Xt+a87k23FGcZSIh+6T8NuWp/d5eiSS5vJjE5uvwT9IbRoI5/GNHEN8QPPHVuo++uiyNbsNxcQHY2NxiQ7L4T4she+QPIDSySSPH5MsepbZYxKfYuxAXjiSONr/vuON7i7fhxNieh5r2fYVK1sVmDSw17lFJXGeWc/VLHy4xjjpddGmFiSSGZuCWCSSAIjViGBJJXhFyjKdLYCKSS6GRJJJID/9k=','2020-09-09 17:04:00','2020-09-09 17:04:00'),(4,'GRL PWR','https://ih1.redbubble.net/image.695605827.2937/flat,750x,075,f-pad,750x1000,f8f8f8.jpg','2020-09-09 17:04:00','2020-09-09 17:04:00'),(5,'Beatles','https://www.vw.co.il/wp-content/uploads/2016/10/%D7%A8%D7%A7%D7%A2-%D7%A9%D7%A7%D7%95%D7%A3.png','2020-09-09 17:04:00','2020-09-09 17:04:00'),(6,'favorites','https://thumbs.dreamstime.com/b/red-heart-vector-icon-valentine-s-day-sign-love-symbol-emblem-isolated-classic-shape-web-mobile-app-ui-design-logo-red-162529517.jpg','2020-09-21 15:09:29','2020-09-21 15:09:29');
/*!40000 ALTER TABLE `playlists` ENABLE KEYS */;
UNLOCK TABLES;

--
-- Table structure for table `songs`
--

DROP TABLE IF EXISTS `songs`;
/*!40101 SET @saved_cs_client     = @@character_set_client */;
/*!50503 SET character_set_client = utf8mb4 */;
CREATE TABLE `songs` (
  `song_id` int NOT NULL AUTO_INCREMENT,
  `youtube_link` text NOT NULL,
  `album_id` int NOT NULL,
  `artist_id` int NOT NULL,
  `song_name` varchar(255) NOT NULL,
  `length` time NOT NULL,
  `track_number` int NOT NULL,
  `lyrics` longtext,
  `created_at` date NOT NULL,
  `upload_at` datetime NOT NULL,
  PRIMARY KEY (`song_id`),
  KEY `songs_ibfk_1` (`album_id`),
  CONSTRAINT `songs_ibfk_1` FOREIGN KEY (`album_id`) REFERENCES `albums` (`album_id`)
) ENGINE=InnoDB AUTO_INCREMENT=21 DEFAULT CHARSET=utf8mb4 COLLATE=utf8mb4_0900_ai_ci;
/*!40101 SET character_set_client = @saved_cs_client */;

--
-- Dumping data for table `songs`
--

LOCK TABLES `songs` WRITE;
/*!40000 ALTER TABLE `songs` DISABLE KEYS */;
INSERT INTO `songs` VALUES (1,'https://www.youtube.com/embed/HQmmM_qwG4k',1,1,'Whole Lotta Love','00:04:48',1,'You need cooling\r Baby I\'m not fooling\r I\'m gonna send ya\r Back to schooling\r A-way down inside\r A-honey you need it\r I\'m gonna give you my love\r I\'m gonna give you my love\r Want to whole lotta love\r Want to whole lotta love\r Want to whole lotta love\r Want to whole lotta love\r You\'ve been learning\r Um baby I been learning\r All them good times baby, baby\r I\'ve been year-yearning\r A-way, way down inside\r A-honey you need-ah\r I\'m gonna give you my love, ah\r I\'m gonna give you my love, ah oh\r Whole lotta love\r Want to whole lotta love\r Want to whole lotta love\r Want to whole lotta love\r You\'ve been cooling\r And baby I\'ve been drooling\r All the good times, baby\r I\'ve been misusing\r A-way, way down inside\r I\'m gonna give ya my love\r I\'m gonna give ya every inch of my love\r I\'m gonna give ya my love\r Hey!!\r ','1970-09-09','2020-09-09 17:04:00'),(2,'https://www.youtube.com/embed/Nnu1E5Kslig',1,1,'Stairway To Heaven','00:08:01',2,'\nThere\'s a lady who\'s sure\nAll that glitters is gold\nAnd she\'s buying a stairway to Heaven\nWhen she gets there she knows\nIf the stores are all closed\nWith a word she can get what she came for\nOh oh oh oh and she\'s buying a stairway to Heaven\nThere\'s a sign on the wall\nBut she wants to be sure\n\'Cause you know sometimes words have two meanings\nIn a tree by the brook\nThere\'s a songbird who sings\nSometimes all of our thoughts are misgiving\nOoh, it makes me wonder\nOoh, it makes me wonder\nThere\'s a feeling I get\nWhen I look to the west\nAnd my spirit is crying for leaving\nIn my thoughts I have seen\nRings of smoke through the trees\nAnd the voices of those who standing looking\nOoh, it makes me wonder\nOoh, it really makes me wonder\nAnd it\'s whispered that soon, If we all call the tune\nThen the piper will lead us to reason\nAnd a new day will dawn\nFor those who stand long\nAnd the forests will echo with laughter\nIf there\'s a bustle in your hedgerow\nDon\'t be alarmed now\nIt\'s just a spring clean for the May queen\nYes, there are two paths you can go by\nBut in the long run\nThere\'s still time to change the road you\'re on\nAnd it makes me wonder\nYour head is humming and it won\'t go\nIn case you don\'t know\nThe piper\'s calling you to join him\nDear lady, can you hear the wind blow?\nAnd did you know\nYour stairway lies on the whispering wind?\nAnd as we wind on down the road\nOur shadows taller than our soul\nThere walks a lady we all know\nWho shines white light and wants to show\nHow everything still turns to gold\nAnd if you listen very hard\nThe tune will come to you at last\nWhen all are one and one is all\nTo be a rock and not to roll\nAnd she\'s buying a stairway to Heaven','1970-09-09','2020-09-09 17:04:00'),(3,'https://www.youtube.com/embed/y8OtzJtp-EM',1,1,'Immigrant Song','00:04:07',3,'Ah-ah, ah!\nAh-ah, ah!\nWe come from the land of the ice and snow\nFrom the midnight sun, where the hot springs flow\nThe hammer of the gods\nW\'ell drive our ships to new lands\nTo fight the horde, and sing and cry\nValhalla, I am coming!\nOn we sweep with threshing oar\nOur only goal will be the western shore\nAh-ah, ah!\nAh-ah, ah!\nWe come from the land of the ice and snow\nFrom the midnight sun where the hot springs flow\nHow soft your fields so green\nCan whisper tales of gore\nOf how we calmed the tides of war\nWe are your overlords\nOn we sweep with threshing oar\nOur only goal will be the western shore\nSo now you\'d better stop and rebuild all your ruins\nFor peace and trust can win the day despite of all your losing\nOoh-ooh, ooh-ooh, ooh-ooh\nOoh-ooh, ooh-ooh, ooh-ooh\nOoh-ooh, ooh-ooh, ooh-ooh\nOoh-ooh, ooh-ooh, ooh-ooh\nOoh-ooh, ooh-ooh, ooh-ooh\n','1970-09-09','2020-09-09 17:04:00'),(4,'https://www.youtube.com/embed/8Tvq1h1WJm4',2,2,'Keev Shel Lochamim','00:03:39',1,'\n\n   ,\n   \n   \n   \n\n   \n   \n  \n   , \n\n,    \n  \n   \n   \n    \n    \n   \n,   \n\n    ,\n ,  \n  \n     \n  \n\n,    ...\n\n    ,\n  ...','2010-09-19','2020-09-09 17:04:00'),(5,'https://www.youtube.com/embed/bI8P6ZSHSvE',3,3,'While My Guitar Gently Weeps','00:04:45',1,'\nI look at you all, see the love there that\'s sleeping\nWhile my guitar gently weeps\nI look at the floor and I see it needs sweeping\nStill my guitar gently weeps\nI don\'t know why nobody told you\nHow to unfold your love\nI don\'t know how someone controlled you\nThey bought and sold you\nI look at the world and I notice it\'s turning\nWhile my guitar gently weeps\nWith every mistake we must surely be learning\nStill my guitar gently weeps\nI don\'t know how you were diverted\nYou were perverted too\nI don\'t know how you were inverted\nNo one alerted you\nI look at you all, see the love there that\'s sleeping\nWhile my guitar gently weeps\nLook at you all\nStill my guitar gently weeps','1968-09-09','2020-09-09 17:04:00'),(6,'https://www.youtube.com/embed/Man4Xw8Xypo',3,3,'Blackbird','00:02:18',2,'Blackbird singing in the dead of night\nTake these broken wings and learn to fly\nAll your life\nYou were only waiting for this moment to arise\nBlackbird singing in the dead of night\nTake these sunken eyes and learn to see\nAll your life\nYou were only waiting for this moment to be free\nBlackbird fly, blackbird fly\nInto the light of a dark black night\nBlackbird fly, blackbird fly\nInto the light of a dark black night\nBlackbird singing in the dead of night\n','1968-09-09','2020-09-09 17:04:00'),(7,'https://www.youtube.com/embed/vdvnOH060Qg',3,3,'Happiness Is A Warm Gun','00:02:45',3,'\nShe\'s not a girl who misses much\nDo do do do do do, oh yeah\nShe\'s well-acquainted with the touch of the velvet hand\nLike a lizard on a window pane\nThe man in the crowd with the multicolored mirrors\nOn his hobnail boots\nLying with his eyes while his hands are busy\nWorking overtime\nA soap impression of his wife which he ate\nAnd donated to the National Trust\nI need a fix \'cause I\'m going down\nDown to the pits that I left uptown\nI need a fix \'cause I\'m going down\nMother Superior jumped the gun\nMother Superior jumped the gun\nMother Superior jumped the gun\nMother Superior jumped the gun\nMother Superior jumped the gun\nMother Superior jumped the gun\nHappiness is a warm gun (bang, bang, shoot, shoot)\nHappiness is a warm gun, momma (bang, bang, shoot, shoot)\nWhen I hold you in my arms (ooh, oh, yeah)\nAnd I feel my finger on your trigger (ooh, oh, yeah)\nI know nobody can do me no harm (ooh, oh, yeah)\nBecause\nHappiness is a warm gun, yes it is (bang, bang, shoot, shoot)\nHappiness is a warm, yes it is, gun (happiness, bang, bang, shoot, shoot)\nWell, don\'t you know that happiness is a warm gun momma?\n(Happiness is a warm gun, yeah)','1968-09-09','2020-09-09 17:04:00'),(10,'https://www.youtube.com/embed/yS_tA7WNghM',6,20,'Remember November','00:03:28',1,'  ?   \n   ,   \n      \n     ,   .\n\n  ?   \n   \n   ,    \n  , .\n\n    \n      \n  ,   .\n\n      \n   \n     \n       \n  \n\n  ...','2005-09-01','2020-09-09 00:00:00'),(13,'https://www.youtube.com/embed/pse5JzwHVtM',7,5,'Someone stop me','00:03:51',1,'    \n      \n  \n   \n    \n   ,    \n     \n  \n          \n    \n   \n   , \n    \n    \n   ,       \n   \n      \n    ,    \n             \n    \n   \n   , \n  \n    \n             \n   , \n  \n    \n    ,          \n   , \n','2017-12-07','2020-12-09 17:03:00'),(14,'https://www.youtube.com/embed/cGbDHwrC_1E',2,2,'  ','00:03:49',2,'  ,\n    ,\n  ,\n   ,\n    ,  ,\n ,    \n  ,\n ,  .\n\n   ,\n   , \n   ,\n    ,\n\'     .\n ,\n   ,   ,\n    ,\n\'     .\'\n\n   ,\n   ,\n  ,\n    \n   , \n    ,\n  ,\n  ,   .\n\n   ,\n   ,\n   , \n    ,\n\'     .\'\n ,\n   ,   ,\n    ,\n\'     .\'\n','2020-08-05','2020-12-09 17:03:00'),(15,'https://www.youtube.com/embed/9Ny3OkpN4b4',2,2,'   ','00:03:27',3,'\n   ,\n  , \n  ,\n ,\n  .\n\n   ,\n   \n ,\n ,\n  .\n\n   \n  ,\n ,  ,\n    .\n\n   ,\n  ,\n ,\n ,\n  .\n\n   ,\n   ,\n   ,\n  ,\n  .\n\n   ,\n   ,\n   ,\n  .\n\n  , ,\n  , \n .\n,  ,\n   ?\n\n   ,\n ,  ,\n ,\n ,\n  .\n\n   ,\n,  ,\n ,\n ,\n   .\n\n   ,\n   ,\n  ,\n   ,\n   .\n\n      ,\n  ,\n , \n ,\n   .\n\n   ,\n ,  ,\n ,\n ,\n  .\n','2020-05-18','2020-12-09 17:03:00'),(16,'https://www.youtube.com/embed/P0CMm9QccZg',4,4,'King of Everything','00:03:53',1,'\nWatchin\' movies on my phone whenever I want\nI turn it as loud as it goes\n\'Cause when nobody\'s home, I\'m the King of Everything\nMake the rules up on my own\nI can break \'em if I please \'cause I make up the police\nAnd everybody\'s equal, but not me \'cause I\'m the king\nI make all the other people tell me secrets in my dreams\nI wake up when they tell us to\nIf not, I\'ll stay with you\nI\'ll take my time to make you smile\n\'Cause I know just how you feel when you\'re alone\nAnd you don\'t need me, no\nI\'ll take all your time\nAnd I love the way it feels when you take the wheel\nI know, you know\nI\'ll take all your time\nI\'ll take all your time','2019-08-19','2020-12-09 17:03:00'),(17,'https://www.youtube.com/embed/zAaHhoNMXS0',16,6,'   ','00:03:14',1,'\n    \n   , \n  . \n   \n  , \n   . \n\n  \n  , \n . \n   \n , \n   . \n\n    \n   . \n      \n   . \n\n   \n  , \n  . \n   \n  , \n  . \n\n    \n   . \n      \n   . \n\n   \n   , \n -   . \n  \n  , \n  . \n\n    \n    . \n      \n   .','1973-12-07','2020-12-09 17:03:00'),(18,'https://www.youtube.com/embed/orkXG-xXO-k',16,6,'  ','00:02:58',2,'     \n     \n   ,  , \n     \' \n   , \n   , \n ,  , \n  . \n\n   \n   \n   \n    . \n\n      \n   \'. \n        , \n  ,  ,    . \n   , \n   , \n  -  , \n  . \n\n  ... \n\n     \n    -   , \n     \n     . \n   , \n   , \n   , \n   ... \n\n  ...\n','1973-12-07','2020-12-09 17:03:00'),(19,'https://www.youtube.com/embed/ymjNGjuBCTo',17,7,'I Dont Care','00:05:29',1,'I\'m at a party I don\'t wanna be at\nAnd I don\'t ever wear a suit and tie\nWonderin\' if I could sneak out the back\nNobody\'s even lookin\' me in my eyes\nThen you take my hand\nFinish my drink, say, \"Shall we dance?\" Hell, yeah\nYou know I love you, did I ever tell you?\nYou make it better like that\nDon\'t think I fit in at this party\nEveryone\'s got so much to say, yeah\nI always feel like I\'m nobody, mm\nWho wants to fit in anyway?\n\'Cause I don\'t care when I\'m with my baby, yeah\nAll the bad things disappear\nAnd you\'re making me feel like maybe I am somebody\nI can deal with the bad nights\nWhen I\'m with my baby, yeah\nOoh, ooh, ooh, ooh, ooh, ooh\n\'Cause I don\'t care, as long as you just hold me near\nYou can take me anywhere\nAnd you\'re making me feel like I\'m loved by somebody\nI can deal with the bad nights\nWhen I\'m with my baby, yeah\nOoh, ooh, ooh, ooh, ooh, ooh\nWe at a party we don\'t wanna be at\nTryna talk, but we can\'t hear ourselves\nRead your lips, I\'d rather kiss \'em right back\nWith all these people all around\nI\'m crippled with anxiety\nBut I\'m told it\'s where I\'m supposed to be\nYou know what? It\'s kinda crazy \'cause I really don\'t mind\nAnd you make it better like that\nDon\'t think we fit in at this party\nEveryone\'s got so much to say, oh yeah, yeah\nWhen we walked in, I said I\'m sorry, mm\nBut now I think that we should stay\n\'Cause I don\'t care when I\'m with my baby, yeah\nAll the bad things disappear\nYeah, you\'re making me feel like maybe I am somebody\nI can deal with the bad nights when I\'m with my baby, yeah\nOoh, ooh, ooh, ooh, ooh, ooh (oh yeah, yeah, yeah)\n\'Cause I don\'t care as long as you just hold me near\nYou can take me anywhere\nAnd you\'re making me feel like I\'m loved by somebody\nI can deal with the bad nights when I\'m with my baby, yeah\nOoh, ooh, ooh, ooh, ooh, ooh (no)\nI don\'t like nobody but you\nIt\'s like you\'re the only one here\nI don\'t like nobody but you\nBaby, I don\'t care\nI don\'t like nobody but you\nI hate everyone here\nI don\'t like nobody but you\nBaby, yeah\n\'Cause I don\'t care (don\'t care) when I\'m with my baby, yeah (oh yeah)\nAll the bad things disappear (disappear)\nAnd you\'re making me feel like maybe I am somebody (maybe I\'m somebody)\nI can deal with the bad nights (with the bad nights)\nWhen I\'m with my baby, yeah\nOoh, ooh, ooh, ooh, ooh, ooh (oh yeah, yeah, yeah)\n\'Cause I don\'t care as long as you just hold me near (me near)\nYou can take me anywhere (anywhere, anywhere)\nAnd you\'re making me feel like I\'m loved by somebody (I\'m loved by somebody)\nI can deal with the bad nights (yeah, yeah, yeah)\nWhen I\'m with my baby, yeah (oh)\nOoh, ooh, ooh, ooh, ooh, ooh\n','2019-12-06','2020-12-09 17:03:00'),(20,'https://www.youtube.com/embed/UAWcs5H-qgQ',17,7,'The A Team','00:04:49',2,'White lips, pale face\nBreathing in snowflakes\nBurnt lungs, sour taste\nLight\'s gone, day\'s end\nStruggling to pay rent\nLong nights, strange men\nAnd they say\nShe\'s in the class A Team\nShe\'s stuck in her daydream\nBeen this way since eighteen\nBut lately her face seems\nSlowly sinking, wasting\nCrumbling like pastries\nAnd they scream\nThe worst things in life come free to her\n\'Cause she\'s just under the upper-hand\nAnd goes mad for a couple grams\nAnd she don\'t want to go outside tonight\n\'Cause in a pipe, she\'ll fly to the motherland\nAnd sell love to another man\nIt\'s too cold outside\nAngels to fly\nAngels to fly, mm\nRipped gloves, raincoat\nTried to swim and stay afloat\nDry house, wet clothes\nLoose change, bank notes\nWeary-eyed and dry throat\nCall girl, no phone\nThey say\nShe\'s in the class A Team\nShe\'s stuck in her daydream\nBeen this way since eighteen\nBut lately her face seems\nSlowly sinking, wasting\nCrumbling like pastries\nAnd they scream\nThe worst things in life come free to us\n\'Cause she\'s just under the upper-hand\nAnd goes mad for a couple grams\nAnd she don\'t want to go outside tonight\n\'Cause in the pipe, she\'ll fly to the motherland\nAnd sell love to another man\nIt\'s too cold outside\nAngels to fly\nNow an angel will die\nCovered in white\nClosed eyes and hoping for a better life\nThis time, now we\'ll fade out tonight\nStraight down the line\nJust straight down the line, oh, mm\nNow they say\nShe\'s in the class A Team\nShe\'s stuck in her daydream\nBeen this way since eighteen\nBut lately her face seems\nSlowly sinking, wasting\nCrumbling like pastries\nAnd they scream\nThe worst things in life come free to us\nWhen we\'re all under the upper-hand\nAnd go mad for a couple grams\nAnd we don\'t want to go outside tonight\n\'Cause in the pipe we\'ll fly to the motherland\nAnd sell love to another man\nIt\'s too cold outside\nAngels to fly\nAngels to fly\nFly, fly\nAngels to fly, to fly, to fly\nAngels to die\n','2010-04-06','2020-12-09 17:03:00');
/*!40000 ALTER TABLE `songs` ENABLE KEYS */;
UNLOCK TABLES;

--
-- Table structure for table `songs_by_artists`
--

DROP TABLE IF EXISTS `songs_by_artists`;
/*!40101 SET @saved_cs_client     = @@character_set_client */;
/*!50503 SET character_set_client = utf8mb4 */;
CREATE TABLE `songs_by_artists` (
  `albums_by_artists_id` int NOT NULL AUTO_INCREMENT,
  `artist_id` int NOT NULL,
  `song_id` int NOT NULL,
  PRIMARY KEY (`albums_by_artists_id`),
  KEY `songs_by_artists_ibfk_1` (`artist_id`),
  KEY `songs_by_artists_ibfk_2` (`song_id`),
  CONSTRAINT `songs_by_artists_ibfk_1` FOREIGN KEY (`artist_id`) REFERENCES `artists` (`artist_id`) ON UPDATE CASCADE,
  CONSTRAINT `songs_by_artists_ibfk_2` FOREIGN KEY (`song_id`) REFERENCES `songs` (`song_id`) ON UPDATE CASCADE
) ENGINE=InnoDB AUTO_INCREMENT=17 DEFAULT CHARSET=utf8mb4 COLLATE=utf8mb4_0900_ai_ci;
/*!40101 SET character_set_client = @saved_cs_client */;

--
-- Dumping data for table `songs_by_artists`
--

LOCK TABLES `songs_by_artists` WRITE;
/*!40000 ALTER TABLE `songs_by_artists` DISABLE KEYS */;
INSERT INTO `songs_by_artists` VALUES (1,1,1),(2,1,2),(3,1,3),(4,2,4),(5,3,5),(6,3,6),(7,3,7),(8,5,13),(9,2,14),(10,2,15),(11,4,16),(12,6,17),(13,6,18),(14,7,19),(15,7,20),(16,20,10);
/*!40000 ALTER TABLE `songs_by_artists` ENABLE KEYS */;
UNLOCK TABLES;

--
-- Table structure for table `songs_in_playlists`
--

DROP TABLE IF EXISTS `songs_in_playlists`;
/*!40101 SET @saved_cs_client     = @@character_set_client */;
/*!50503 SET character_set_client = utf8mb4 */;
CREATE TABLE `songs_in_playlists` (
  `songs_in_playlists_id` int NOT NULL AUTO_INCREMENT,
  `playlist_id` int NOT NULL,
  `song_id` int NOT NULL,
  PRIMARY KEY (`songs_in_playlists_id`),
  KEY `songs_in_playlists_ibfk_1` (`playlist_id`),
  KEY `songs_in_playlists_ibfk_2` (`song_id`),
  CONSTRAINT `songs_in_playlists_ibfk_1` FOREIGN KEY (`playlist_id`) REFERENCES `playlists` (`playlist_id`),
  CONSTRAINT `songs_in_playlists_ibfk_2` FOREIGN KEY (`song_id`) REFERENCES `songs` (`song_id`)
) ENGINE=InnoDB AUTO_INCREMENT=28 DEFAULT CHARSET=utf8mb4 COLLATE=utf8mb4_0900_ai_ci;
/*!40101 SET character_set_client = @saved_cs_client */;

--
-- Dumping data for table `songs_in_playlists`
--

LOCK TABLES `songs_in_playlists` WRITE;
/*!40000 ALTER TABLE `songs_in_playlists` DISABLE KEYS */;
INSERT INTO `songs_in_playlists` VALUES (1,1,1),(2,1,3),(3,1,4),(4,1,6),(5,2,13),(6,2,14),(7,2,17),(8,3,16),(9,3,19),(10,3,20),(11,2,18),(12,4,10),(13,5,5),(14,5,6),(15,5,7),(22,6,18),(23,6,5),(24,6,19),(25,6,15),(26,6,17);
/*!40000 ALTER TABLE `songs_in_playlists` ENABLE KEYS */;
UNLOCK TABLES;

--
-- Table structure for table `user_playlists`
--

DROP TABLE IF EXISTS `user_playlists`;
/*!40101 SET @saved_cs_client     = @@character_set_client */;
/*!50503 SET character_set_client = utf8mb4 */;
CREATE TABLE `user_playlists` (
  `user_playlists_id` int NOT NULL AUTO_INCREMENT,
  `playlist_id` int NOT NULL,
  `user_id` int NOT NULL,
  PRIMARY KEY (`user_playlists_id`),
  KEY `user_playlists_ibfk_1` (`user_id`),
  KEY `user_playlists_ibfk_2` (`playlist_id`),
  CONSTRAINT `user_playlists_ibfk_1` FOREIGN KEY (`user_id`) REFERENCES `users` (`user_id`) ON UPDATE CASCADE,
  CONSTRAINT `user_playlists_ibfk_2` FOREIGN KEY (`playlist_id`) REFERENCES `playlists` (`playlist_id`) ON UPDATE CASCADE
) ENGINE=InnoDB AUTO_INCREMENT=2 DEFAULT CHARSET=utf8mb4 COLLATE=utf8mb4_0900_ai_ci;
/*!40101 SET character_set_client = @saved_cs_client */;

--
-- Dumping data for table `user_playlists`
--

LOCK TABLES `user_playlists` WRITE;
/*!40000 ALTER TABLE `user_playlists` DISABLE KEYS */;
INSERT INTO `user_playlists` VALUES (1,1,1);
/*!40000 ALTER TABLE `user_playlists` ENABLE KEYS */;
UNLOCK TABLES;

--
-- Table structure for table `users`
--

DROP TABLE IF EXISTS `users`;
/*!40101 SET @saved_cs_client     = @@character_set_client */;
/*!50503 SET character_set_client = utf8mb4 */;
CREATE TABLE `users` (
  `user_id` int NOT NULL AUTO_INCREMENT,
  `name` text NOT NULL,
  `email` text NOT NULL,
  `upload_at` datetime NOT NULL,
  `password` text NOT NULL,
  `is_admin` tinyint NOT NULL DEFAULT '0',
  `preferences` text,
  `remember_token` tinyint(1) NOT NULL,
  PRIMARY KEY (`user_id`)
) ENGINE=InnoDB AUTO_INCREMENT=2 DEFAULT CHARSET=utf8mb4 COLLATE=utf8mb4_0900_ai_ci;
/*!40101 SET character_set_client = @saved_cs_client */;

--
-- Dumping data for table `users`
--

LOCK TABLES `users` WRITE;
/*!40000 ALTER TABLE `users` DISABLE KEYS */;
INSERT INTO `users` VALUES (1,'Liam','Klessliam@gmail.com','2020-09-09 17:04:00','liam1234',1,NULL,1);
/*!40000 ALTER TABLE `users` ENABLE KEYS */;
UNLOCK TABLES;
/*!40103 SET TIME_ZONE=@OLD_TIME_ZONE */;

/*!40101 SET SQL_MODE=@OLD_SQL_MODE */;
/*!40014 SET FOREIGN_KEY_CHECKS=@OLD_FOREIGN_KEY_CHECKS */;
/*!40014 SET UNIQUE_CHECKS=@OLD_UNIQUE_CHECKS */;
/*!40101 SET CHARACTER_SET_CLIENT=@OLD_CHARACTER_SET_CLIENT */;
/*!40101 SET CHARACTER_SET_RESULTS=@OLD_CHARACTER_SET_RESULTS */;
/*!40101 SET COLLATION_CONNECTION=@OLD_COLLATION_CONNECTION */;
/*!40111 SET SQL_NOTES=@OLD_SQL_NOTES */;

-- Dump completed on 2020-09-23 20:19:08
